,Unnamed: 0,Unnamed,Unnamed: 2,0,Unnamed.19,Unnamed.20,Unnamed: 6,2,0.3,Unnamed.2,Unnamed.21,Unnamed: 11,5,1,Unnamed.3,Unnamed.22,Unnamed: 16,8,2.2,Unnamed.4,Unnamed.23,Unnamed: 21,11,3,Unnamed.5,Unnamed.24,Unnamed: 26,14,4,Unnamed.6,Unnamed.25,Unnamed: 31,17,5.2,Unnamed.7,Unnamed.26,Unnamed: 36,20,6,Unnamed.8,Unnamed.27,Unnamed: 41,23,7,Unnamed.9,Unnamed.28,Unnamed: 46,26,8.2,Unnamed.10,Unnamed.29,Unnamed: 51,29,9,Unnamed.11,Unnamed.30,Unnamed: 56,32,10,Unnamed.12,Unnamed.31,Unnamed: 61,35,11.2,Unnamed.13,Unnamed.32,Unnamed: 66,38,12,Unnamed.14,Unnamed.33,Unnamed: 71,41,13,Unnamed.15,Unnamed.34,Unnamed: 76,44,14.2,Unnamed.16,Unnamed.35,Unnamed: 81,47,15,Unnamed.17,Unnamed.1,Unnamed.18,Unnamed.36,Unnamed: 88,52,18,1.2,0.2,0.1,1.1,2.1,3.1,4.1,5.1,6.1,7.1,8.1,9.1,10.1,11.1,12.1,13.1,14.1,15.1,16,17.1,18.1,19,20.1,21,22,23.1,24,25,26.1
0,0,0,0,0,Plate,Repeat,Barcode,Measured,height,Chamber,temperature,at,start,Chamber,temperature,at,end,Humidity,at,start,Humidity,at,end,Ambient,temperature,at,start,Ambient,temperature,at,end,Formula,Measurement,date,,,,,,,,,,,,,,,,,,,,,,,,,,,,,,,,,,,,,,,,,,,,,,,,,,,,,,,,,,,,,,,,,,,,,,,,,,,,,,,,,,,,,,
1,1,1,2,2,Background,information,,,,,,,,,,,,,,,,,,,,,,,,,,,,,,,,,,,,,,,,,,,,,,,,,,,,,,,,,,,,,,,,,,,,,,,,,,,,,,,,,,,,,,,,,,,,,,,,,,,,,,,,,,,,,,,,,,
2,2,2,3,3,Plate,Label,Result,Signal,Flashes/Time,Meastime,MeasInfo,,,,,,,,,,,,,,,,,,,,,,,,,,,,,,,,,,,,,,,,,,,,,,,,,,,,,,,,,,,,,,,,,,,,,,,,,,,,,,,,,,,,,,,,,,,,,,,,,,,,,,,,,,,,,
3,3,3,4,4,1,Jez,US,LUM,384,(cps),0,16,0.1,00,00,00.000,De=USLum,Ex=N/A,Em=N/A,Wdw=N/A,(12),,,,,,,,,,,,,,,,,,,,,,,,,,,,,,,,,,,,,,,,,,,,,,,,,,,,,,,,,,,,,,,,,,,,,,,,,,,,,,,,,,,,,,,,,,,,,,,,,,,
4,4,4,6,6,,01,02,03,04,05,06,07,08,09,10,11,12,13,14,15,16,17,18,19,20,21,22,23,24,,,,,,,,,,,,,,,,,,,,,,,,,,,,,,,,,,,,,,,,,,,,,,,,,,,,,,,,,,,,,,,,,,,,,,,,,,,,,,,,,,,,,,,,,,,
5,5,5,7,7,A,0.54733317777,0.54733317777,,,,,,,,,,,,,,,,,,,,,0.54733317777,0.54733317777,,,,,,,,,,,,,,,,,,,,,,,,,,,,,,,,,,,,,,,,,,,,,,,,,,,,,,,,,,,,,,,,,,,,,,,,,,,,,,,,,,,,,,,,,,,
6,6,6,8,8,B,0.54733317777,0.54733317777,,,,,,,,,,,,,,,,,,,,,0.54733317777,0.54733317777,,,,,,,,,,,,,,,,,,,,,,,,,,,,,,,,,,,,,,,,,,,,,,,,,,,,,,,,,,,,,,,,,,,,,,,,,,,,,,,,,,,,,,,,,,,
7,7,7,9,9,C,0.54733317777,0.54733317777,,,,,,,,,,,,,,,,,,,,,0.54733317777,0.54733317777,,,,,,,,,,,,,,,,,,,,,,,,,,,,,,,,,,,,,,,,,,,,,,,,,,,,,,,,,,,,,,,,,,,,,,,,,,,,,,,,,,,,,,,,,,,
8,8,8,10,10,D,0.54733317777,0.54733317777,,,,,,,,,,,,,,,,,,,,,0.54733317777,0.54733317777,,,,,,,,,,,,,,,,,,,,,,,,,,,,,,,,,,,,,,,,,,,,,,,,,,,,,,,,,,,,,,,,,,,,,,,,,,,,,,,,,,,,,,,,,,,
9,9,9,11,11,E,0.54733317777,0.54733317777,,,,,,,,,,,,,,,,,,,,,0.54733317777,0.54733317777,,,,,,,,,,,,,,,,,,,,,,,,,,,,,,,,,,,,,,,,,,,,,,,,,,,,,,,,,,,,,,,,,,,,,,,,,,,,,,,,,,,,,,,,,,,
10,10,10,12,12,F,0.54733317777,0.54733317777,,,,,,,,,,,,,,,,,,,,,0.54733317777,0.54733317777,,,,,,,,,,,,,,,,,,,,,,,,,,,,,,,,,,,,,,,,,,,,,,,,,,,,,,,,,,,,,,,,,,,,,,,,,,,,,,,,,,,,,,,,,,,
11,11,11,13,13,G,0.54733317777,0.54733317777,,,,,,,,,,,,,,,,,,,,,0.54733317777,0.54733317777,,,,,,,,,,,,,,,,,,,,,,,,,,,,,,,,,,,,,,,,,,,,,,,,,,,,,,,,,,,,,,,,,,,,,,,,,,,,,,,,,,,,,,,,,,,
12,12,12,14,14,H,0.54733317777,0.54733317777,,,,,,,,,,,,,,,,,,,,,0.54733317777,0.54733317777,,,,,,,,,,,,,,,,,,,,,,,,,,,,,,,,,,,,,,,,,,,,,,,,,,,,,,,,,,,,,,,,,,,,,,,,,,,,,,,,,,,,,,,,,,,
13,13,13,15,15,I,0.54733317777,0.54733317777,,,,,,,,,,,,,,,,,,,,,0.54733317777,0.54733317777,,,,,,,,,,,,,,,,,,,,,,,,,,,,,,,,,,,,,,,,,,,,,,,,,,,,,,,,,,,,,,,,,,,,,,,,,,,,,,,,,,,,,,,,,,,
14,14,14,16,16,J,0.54733317777,0.54733317777,,,,,,,,,,,,,,,,,,,,,0.54733317777,0.54733317777,,,,,,,,,,,,,,,,,,,,,,,,,,,,,,,,,,,,,,,,,,,,,,,,,,,,,,,,,,,,,,,,,,,,,,,,,,,,,,,,,,,,,,,,,,,
15,15,15,17,17,K,0.54733317777,0.54733317777,,,,,,,,,,,,,,,,,,,,,0.54733317777,0.54733317777,,,,,,,,,,,,,,,,,,,,,,,,,,,,,,,,,,,,,,,,,,,,,,,,,,,,,,,,,,,,,,,,,,,,,,,,,,,,,,,,,,,,,,,,,,,
16,16,16,18,18,L,0.54733317777,0.54733317777,,,,,,,,,,,,,,,,,,,,,0.54733317777,0.54733317777,,,,,,,,,,,,,,,,,,,,,,,,,,,,,,,,,,,,,,,,,,,,,,,,,,,,,,,,,,,,,,,,,,,,,,,,,,,,,,,,,,,,,,,,,,,
17,17,17,19,19,M,0.54733317777,0.54733317777,,,,,,,,,,,,,,,,,,,,,0.54733317777,0.54733317777,,,,,,,,,,,,,,,,,,,,,,,,,,,,,,,,,,,,,,,,,,,,,,,,,,,,,,,,,,,,,,,,,,,,,,,,,,,,,,,,,,,,,,,,,,,
18,18,18,20,20,N,0.54733317777,0.54733317777,,,,,,,,,,,,,,,,,,,,,0.54733317777,0.54733317777,,,,,,,,,,,,,,,,,,,,,,,,,,,,,,,,,,,,,,,,,,,,,,,,,,,,,,,,,,,,,,,,,,,,,,,,,,,,,,,,,,,,,,,,,,,
19,19,19,21,21,O,0.54733317777,0.54733317777,,,,,,,,,,,,,,,,,,,,,0.54733317777,0.54733317777,,,,,,,,,,,,,,,,,,,,,,,,,,,,,,,,,,,,,,,,,,,,,,,,,,,,,,,,,,,,,,,,,,,,,,,,,,,,,,,,,,,,,,,,,,,
20,20,20,22,22,P,0.54733317777,0.54733317777,,,,,,,,,,,,,,,,,,,,,0.54733317777,0.54733317777,,,,,,,,,,,,,,,,,,,,,,,,,,,,,,,,,,,,,,,,,,,,,,,,,,,,,,,,,,,,,,,,,,,,,,,,,,,,,,,,,,,,,,,,,,,
21,21,21,23,23,Plate,information,,,,,,,,,,,,,,,,,,,,,,,,,,,,,,,,,,,,,,,,,,,,,,,,,,,,,,,,,,,,,,,,,,,,,,,,,,,,,,,,,,,,,,,,,,,,,,,,,,,,,,,,,,,,,,,,,,
22,22,22,24,24,Plate,Repeat,Barcode,Measured,height,Chamber,temperature,at,start,Chamber,temperature,at,end,Humidity,at,start,Humidity,at,end,Ambient,temperature,at,start,Ambient,temperature,at,end,Group,Label,ScanX,ScanY,Measinfo,Kinetics,Measurement,date,,,,,,,,,,,,,,,,,,,,,,,,,,,,,,,,,,,,,,,,,,,,,,,,,,,,,,,,,,,,,,,,,,,,,,,,,,,,,,,,,
23,23,23,25,25,1,1,"""""""""""""""""""""""""""""""""""""""""""""""""""""""""""""""""""""""""""""""""""""""""""""""""""""""""""""""""""""""""""""""=""""""""""""""""""""""""""""""""""""""""""""""""""""""""""""""""""""""""""""""""""""""""""""""""""""""""""""""""""""""""""""""""H2061394""""""""""""""""""""""""""""""""""""""""""""""""""""""""""""""""""""""""""""""""""""""""""""""""""""""""""""""""""""""""""""""""""""""""""""""""""""""""""""""""""""""""""""""""""""""""""""""""""""""""""""""""""""""""""""""""""""""""""""""""""""""""""""""",14.01,17.7,17.82,45.9,46.2,18.1,18.02,1,Jez,US,LUM,384,(cps)(1),0,0,De=USLum,Ex=N/A,Em=N/A,Wdw=N/A,(12),0,3/22/2023,3,38,03,PM,,,,,,,,,,,,,,,,,,,,,,,,,,,,,,,,,,,,,,,,,,,,,,,,,,,,,,,,,,,,,,,,,,,,,,,,,,,,,,,,,,,,,,,
24,24,24,26,26,Background,information,,,,,,,,,,,,,,,,,,,,,,,,,,,,,,,,,,,,,,,,,,,,,,,,,,,,,,,,,,,,,,,,,,,,,,,,,,,,,,,,,,,,,,,,,,,,,,,,,,,,,,,,,,,,,,,,,,
25,25,25,27,27,Plate,Label,Result,Signal,Flashes/Time,Meastime,MeasInfo,,,,,,,,,,,,,,,,,,,,,,,,,,,,,,,,,,,,,,,,,,,,,,,,,,,,,,,,,,,,,,,,,,,,,,,,,,,,,,,,,,,,,,,,,,,,,,,,,,,,,,,,,,,,,
26,26,26,28,28,1,Jez,US,LUM,384,(cps),0,16,0.1,00,00,00.000,De=USLum,Ex=N/A,Em=N/A,Wdw=N/A,(12),,,,,,,,,,,,,,,,,,,,,,,,,,,,,,,,,,,,,,,,,,,,,,,,,,,,,,,,,,,,,,,,,,,,,,,,,,,,,,,,,,,,,,,,,,,,,,,,,,,
27,27,27,29,29,Results,for,Jez,US,LUM,384,(cps)(1),-,channel,0,(CPS),,,,,,,,,,,,,,,,,,,,,,,,,,,,,,,,,,,,,,,,,,,,,,,,,,,,,,,,,,,,,,,,,,,,,,,,,,,,,,,,,,,,,,,,,,,,,,,,,,,,,,,,,
28,28,28,30,30,,01,02,03,04,05,06,07,08,09,10,11,12,13,14,15,16,17,18,19,20,21,22,23,24,,,,,,,,,,,,,,,,,,,,,,,,,,,,,,,,,,,,,,,,,,,,,,,,,,,,,,,,,,,,,,,,,,,,,,,,,,,,,,,,,,,,,,,,,,,
29,29,29,31,31,A,4200,4240,4080,4040,4000,4160,4000,4120,3800,4480,4400,4280,4440,4200,4360,4120,3800,3960,4200,4160,4440,4240,22680,22760,,,,,,,,,,,,,,,,,,,,,,,,,,,,,,,,,,,,,,,,,,,,,,,,,,,,,,,,,,,,,,,,,,,,,,,,,,,,,,,,,,,,,,,,,,,
30,30,30,32,32,B,4240,4360,3960,4360,4160,4520,4440,4400,4560,4160,4720,4240,4160,4560,4440,4520,4240,4160,4240,3920,4120,4280,24840,21760,,,,,,,,,,,,,,,,,,,,,,,,,,,,,,,,,,,,,,,,,,,,,,,,,,,,,,,,,,,,,,,,,,,,,,,,,,,,,,,,,,,,,,,,,,,
31,31,31,33,33,C,4760,4320,4320,4040,4600,4320,4760,4160,4000,4440,4880,4400,4560,3800,4200,4560,4080,4080,3920,4520,4880,3960,23880,22160,,,,,,,,,,,,,,,,,,,,,,,,,,,,,,,,,,,,,,,,,,,,,,,,,,,,,,,,,,,,,,,,,,,,,,,,,,,,,,,,,,,,,,,,,,,
32,32,32,34,34,D,4160,4040,4240,4480,4480,4600,4200,4400,3720,4960,5320,4480,4040,4640,4200,4720,4400,4920,4240,4320,4400,4440,25440,22920,,,,,,,,,,,,,,,,,,,,,,,,,,,,,,,,,,,,,,,,,,,,,,,,,,,,,,,,,,,,,,,,,,,,,,,,,,,,,,,,,,,,,,,,,,,
33,33,33,35,35,E,4560,5000,4600,4760,4160,5120,4600,5080,2760,4760,4800,4560,5240,4640,5160,5200,4680,4920,4560,5000,4920,4520,27520,23320,,,,,,,,,,,,,,,,,,,,,,,,,,,,,,,,,,,,,,,,,,,,,,,,,,,,,,,,,,,,,,,,,,,,,,,,,,,,,,,,,,,,,,,,,,,
34,34,34,36,36,F,4880,4560,5200,4560,4880,5200,4760,5080,4680,5000,4680,4880,4960,4640,5120,2560,4960,4600,4640,4920,5160,4680,28440,23920,,,,,,,,,,,,,,,,,,,,,,,,,,,,,,,,,,,,,,,,,,,,,,,,,,,,,,,,,,,,,,,,,,,,,,,,,,,,,,,,,,,,,,,,,,,
35,35,35,37,37,G,4800,4240,4560,4040,4840,4560,4880,4880,4840,4800,4920,4520,4800,4320,4520,4760,4280,5000,4240,4400,4720,4480,27280,22640,,,,,,,,,,,,,,,,,,,,,,,,,,,,,,,,,,,,,,,,,,,,,,,,,,,,,,,,,,,,,,,,,,,,,,,,,,,,,,,,,,,,,,,,,,,
36,36,36,38,38,H,4680,4560,4440,4360,4440,4680,4840,4520,5360,4440,4680,4680,5000,4560,4480,4200,4600,4560,4160,4760,4560,4480,27600,24400,,,,,,,,,,,,,,,,,,,,,,,,,,,,,,,,,,,,,,,,,,,,,,,,,,,,,,,,,,,,,,,,,,,,,,,,,,,,,,,,,,,,,,,,,,,
37,37,37,39,39,I,4200,4600,4320,6880,4720,4760,4280,4120,4320,4440,4680,4440,4600,4720,4240,4040,4240,4080,4360,4160,4120,4400,27320,24040,,,,,,,,,,,,,,,,,,,,,,,,,,,,,,,,,,,,,,,,,,,,,,,,,,,,,,,,,,,,,,,,,,,,,,,,,,,,,,,,,,,,,,,,,,,
38,38,38,40,40,J,3800,3760,4480,4560,4440,4840,4560,4160,4800,4800,4440,4320,4160,4320,4360,4760,4400,4520,4080,4200,4560,4400,29320,24040,,,,,,,,,,,,,,,,,,,,,,,,,,,,,,,,,,,,,,,,,,,,,,,,,,,,,,,,,,,,,,,,,,,,,,,,,,,,,,,,,,,,,,,,,,,
39,39,39,41,41,K,4480,4520,4920,4680,4520,4800,4680,4760,4880,4680,4800,4960,4760,4240,4840,4400,4440,4800,4480,4720,4280,4520,29400,24080,,,,,,,,,,,,,,,,,,,,,,,,,,,,,,,,,,,,,,,,,,,,,,,,,,,,,,,,,,,,,,,,,,,,,,,,,,,,,,,,,,,,,,,,,,,
40,40,40,42,42,L,4880,4520,4480,4320,4640,4880,4880,4400,4040,4560,4480,4840,4760,4440,4880,4720,4920,4200,7920,4680,4280,4200,27240,24800,,,,,,,,,,,,,,,,,,,,,,,,,,,,,,,,,,,,,,,,,,,,,,,,,,,,,,,,,,,,,,,,,,,,,,,,,,,,,,,,,,,,,,,,,,,
41,41,41,43,43,M,4520,4320,4800,5040,4760,4680,4200,4600,4640,4880,5000,4400,5120,4560,4400,4480,4400,4720,4040,4600,4680,4600,28200,25920,,,,,,,,,,,,,,,,,,,,,,,,,,,,,,,,,,,,,,,,,,,,,,,,,,,,,,,,,,,,,,,,,,,,,,,,,,,,,,,,,,,,,,,,,,,
42,42,42,44,44,N,4800,4440,4480,4960,5040,4680,4920,4880,4840,4960,4320,4640,4760,4640,4680,5280,4640,4360,4240,4920,4880,4480,31240,27640,,,,,,,,,,,,,,,,,,,,,,,,,,,,,,,,,,,,,,,,,,,,,,,,,,,,,,,,,,,,,,,,,,,,,,,,,,,,,,,,,,,,,,,,,,,
43,43,43,45,45,O,4200,4280,4400,4400,5120,5240,4360,5120,4560,5120,4480,4760,4520,5040,4960,5040,4680,4600,4600,5080,4840,4360,32400,27120,,,,,,,,,,,,,,,,,,,,,,,,,,,,,,,,,,,,,,,,,,,,,,,,,,,,,,,,,,,,,,,,,,,,,,,,,,,,,,,,,,,,,,,,,,,
44,44,44,46,46,P,4280,4200,4080,4360,4920,4680,4560,4800,4920,4600,4480,4880,5000,4280,5040,4920,4960,4440,4960,4280,4560,4440,30320,31800,,,,,,,,,,,,,,,,,,,,,,,,,,,,,,,,,,,,,,,,,,,,,,,,,,,,,,,,,,,,,,,,,,,,,,,,,,,,,,,,,,,,,,,,,,,
45,45,45,47,47,Plate,information,,,,,,,,,,,,,,,,,,,,,,,,,,,,,,,,,,,,,,,,,,,,,,,,,,,,,,,,,,,,,,,,,,,,,,,,,,,,,,,,,,,,,,,,,,,,,,,,,,,,,,,,,,,,,,,,,,
46,46,46,48,48,Plate,Repeat,Barcode,Measured,height,Chamber,temperature,at,start,Chamber,temperature,at,end,Humidity,at,start,Humidity,at,end,Ambient,temperature,at,start,Ambient,temperature,at,end,Formula,Measurement,date,,,,,,,,,,,,,,,,,,,,,,,,,,,,,,,,,,,,,,,,,,,,,,,,,,,,,,,,,,,,,,,,,,,,,,,,,,,,,,,,,,,,,,
47,47,47,50,50,Background,information,,,,,,,,,,,,,,,,,,,,,,,,,,,,,,,,,,,,,,,,,,,,,,,,,,,,,,,,,,,,,,,,,,,,,,,,,,,,,,,,,,,,,,,,,,,,,,,,,,,,,,,,,,,,,,,,,,
48,48,48,51,51,Plate,Label,Result,Signal,Flashes/Time,Meastime,MeasInfo,,,,,,,,,,,,,,,,,,,,,,,,,,,,,,,,,,,,,,,,,,,,,,,,,,,,,,,,,,,,,,,,,,,,,,,,,,,,,,,,,,,,,,,,,,,,,,,,,,,,,,,,,,,,,
49,49,49,52,52,2,Jez,US,LUM,384,(cps),0,8,0.1,00,00,00.000,De=USLum,Ex=N/A,Em=N/A,Wdw=N/A,(12),,,,,,,,,,,,,,,,,,,,,,,,,,,,,,,,,,,,,,,,,,,,,,,,,,,,,,,,,,,,,,,,,,,,,,,,,,,,,,,,,,,,,,,,,,,,,,,,,,,
50,50,50,54,54,,01,02,03,04,05,06,07,08,09,10,11,12,13,14,15,16,17,18,19,20,21,22,23,24,,,,,,,,,,,,,,,,,,,,,,,,,,,,,,,,,,,,,,,,,,,,,,,,,,,,,,,,,,,,,,,,,,,,,,,,,,,,,,,,,,,,,,,,,,,
51,51,51,55,55,A,0.62390718116,0.62390718116,,,,,,,,,,,,,,,,,,,,,0.62390718116,0.62390718116,,,,,,,,,,,,,,,,,,,,,,,,,,,,,,,,,,,,,,,,,,,,,,,,,,,,,,,,,,,,,,,,,,,,,,,,,,,,,,,,,,,,,,,,,,,
52,52,52,56,56,B,0.62390718116,0.62390718116,,,,,,,,,,,,,,,,,,,,,0.62390718116,0.62390718116,,,,,,,,,,,,,,,,,,,,,,,,,,,,,,,,,,,,,,,,,,,,,,,,,,,,,,,,,,,,,,,,,,,,,,,,,,,,,,,,,,,,,,,,,,,
53,53,53,57,57,C,0.62390718116,0.62390718116,,,,,,,,,,,,,,,,,,,,,0.62390718116,0.62390718116,,,,,,,,,,,,,,,,,,,,,,,,,,,,,,,,,,,,,,,,,,,,,,,,,,,,,,,,,,,,,,,,,,,,,,,,,,,,,,,,,,,,,,,,,,,
54,54,54,58,58,D,0.62390718116,0.62390718116,,,,,,,,,,,,,,,,,,,,,0.62390718116,0.62390718116,,,,,,,,,,,,,,,,,,,,,,,,,,,,,,,,,,,,,,,,,,,,,,,,,,,,,,,,,,,,,,,,,,,,,,,,,,,,,,,,,,,,,,,,,,,
55,55,55,59,59,E,0.62390718116,0.62390718116,,,,,,,,,,,,,,,,,,,,,0.62390718116,0.62390718116,,,,,,,,,,,,,,,,,,,,,,,,,,,,,,,,,,,,,,,,,,,,,,,,,,,,,,,,,,,,,,,,,,,,,,,,,,,,,,,,,,,,,,,,,,,
56,56,56,60,60,F,0.62390718116,0.62390718116,,,,,,,,,,,,,,,,,,,,,0.62390718116,0.62390718116,,,,,,,,,,,,,,,,,,,,,,,,,,,,,,,,,,,,,,,,,,,,,,,,,,,,,,,,,,,,,,,,,,,,,,,,,,,,,,,,,,,,,,,,,,,
57,57,57,61,61,G,0.62390718116,0.62390718116,,,,,,,,,,,,,,,,,,,,,0.62390718116,0.62390718116,,,,,,,,,,,,,,,,,,,,,,,,,,,,,,,,,,,,,,,,,,,,,,,,,,,,,,,,,,,,,,,,,,,,,,,,,,,,,,,,,,,,,,,,,,,
58,58,58,62,62,H,0.62390718116,0.62390718116,,,,,,,,,,,,,,,,,,,,,0.62390718116,0.62390718116,,,,,,,,,,,,,,,,,,,,,,,,,,,,,,,,,,,,,,,,,,,,,,,,,,,,,,,,,,,,,,,,,,,,,,,,,,,,,,,,,,,,,,,,,,,
59,59,59,63,63,I,0.62390718116,0.62390718116,,,,,,,,,,,,,,,,,,,,,0.62390718116,0.62390718116,,,,,,,,,,,,,,,,,,,,,,,,,,,,,,,,,,,,,,,,,,,,,,,,,,,,,,,,,,,,,,,,,,,,,,,,,,,,,,,,,,,,,,,,,,,
60,60,60,64,64,J,0.62390718116,0.62390718116,,,,,,,,,,,,,,,,,,,,,0.62390718116,0.62390718116,,,,,,,,,,,,,,,,,,,,,,,,,,,,,,,,,,,,,,,,,,,,,,,,,,,,,,,,,,,,,,,,,,,,,,,,,,,,,,,,,,,,,,,,,,,
61,61,61,65,65,K,0.62390718116,0.62390718116,,,,,,,,,,,,,,,,,,,,,0.62390718116,0.62390718116,,,,,,,,,,,,,,,,,,,,,,,,,,,,,,,,,,,,,,,,,,,,,,,,,,,,,,,,,,,,,,,,,,,,,,,,,,,,,,,,,,,,,,,,,,,
62,62,62,66,66,L,0.62390718116,0.62390718116,,,,,,,,,,,,,,,,,,,,,0.62390718116,0.62390718116,,,,,,,,,,,,,,,,,,,,,,,,,,,,,,,,,,,,,,,,,,,,,,,,,,,,,,,,,,,,,,,,,,,,,,,,,,,,,,,,,,,,,,,,,,,
63,63,63,67,67,M,0.62390718116,0.62390718116,,,,,,,,,,,,,,,,,,,,,0.62390718116,0.62390718116,,,,,,,,,,,,,,,,,,,,,,,,,,,,,,,,,,,,,,,,,,,,,,,,,,,,,,,,,,,,,,,,,,,,,,,,,,,,,,,,,,,,,,,,,,,
64,64,64,68,68,N,0.62390718116,0.62390718116,,,,,,,,,,,,,,,,,,,,,0.62390718116,0.62390718116,,,,,,,,,,,,,,,,,,,,,,,,,,,,,,,,,,,,,,,,,,,,,,,,,,,,,,,,,,,,,,,,,,,,,,,,,,,,,,,,,,,,,,,,,,,
65,65,65,69,69,O,0.62390718116,0.62390718116,,,,,,,,,,,,,,,,,,,,,0.62390718116,0.62390718116,,,,,,,,,,,,,,,,,,,,,,,,,,,,,,,,,,,,,,,,,,,,,,,,,,,,,,,,,,,,,,,,,,,,,,,,,,,,,,,,,,,,,,,,,,,
66,66,66,70,70,P,0.62390718116,0.62390718116,,,,,,,,,,,,,,,,,,,,,0.62390718116,0.62390718116,,,,,,,,,,,,,,,,,,,,,,,,,,,,,,,,,,,,,,,,,,,,,,,,,,,,,,,,,,,,,,,,,,,,,,,,,,,,,,,,,,,,,,,,,,,
67,67,67,71,71,Plate,information,,,,,,,,,,,,,,,,,,,,,,,,,,,,,,,,,,,,,,,,,,,,,,,,,,,,,,,,,,,,,,,,,,,,,,,,,,,,,,,,,,,,,,,,,,,,,,,,,,,,,,,,,,,,,,,,,,
68,68,68,72,72,Plate,Repeat,Barcode,Measured,height,Chamber,temperature,at,start,Chamber,temperature,at,end,Humidity,at,start,Humidity,at,end,Ambient,temperature,at,start,Ambient,temperature,at,end,Group,Label,ScanX,ScanY,Measinfo,Kinetics,Measurement,date,,,,,,,,,,,,,,,,,,,,,,,,,,,,,,,,,,,,,,,,,,,,,,,,,,,,,,,,,,,,,,,,,,,,,,,,,,,,,,,,,
69,69,69,73,73,2,1,"""""""""""""""""""""""""""""""""""""""""""""""""""""""""""""""""""""""""""""""""""""""""""""""""""""""""""""""""""""""""""""""=""""""""""""""""""""""""""""""""""""""""""""""""""""""""""""""""""""""""""""""""""""""""""""""""""""""""""""""""""""""""""""""""H2061396""""""""""""""""""""""""""""""""""""""""""""""""""""""""""""""""""""""""""""""""""""""""""""""""""""""""""""""""""""""""""""""""""""""""""""""""""""""""""""""""""""""""""""""""""""""""""""""""""""""""""""""""""""""""""""""""""""""""""""""""""""""""""""""",14.01,17.8,17.62,46.6,47.2,18,18.11,1,Jez,US,LUM,384,(cps)(1),0,0,De=USLum,Ex=N/A,Em=N/A,Wdw=N/A,(12),0,3/22/2023,3,39,38,PM,,,,,,,,,,,,,,,,,,,,,,,,,,,,,,,,,,,,,,,,,,,,,,,,,,,,,,,,,,,,,,,,,,,,,,,,,,,,,,,,,,,,,,,
70,70,70,74,74,Background,information,,,,,,,,,,,,,,,,,,,,,,,,,,,,,,,,,,,,,,,,,,,,,,,,,,,,,,,,,,,,,,,,,,,,,,,,,,,,,,,,,,,,,,,,,,,,,,,,,,,,,,,,,,,,,,,,,,
71,71,71,75,75,Plate,Label,Result,Signal,Flashes/Time,Meastime,MeasInfo,,,,,,,,,,,,,,,,,,,,,,,,,,,,,,,,,,,,,,,,,,,,,,,,,,,,,,,,,,,,,,,,,,,,,,,,,,,,,,,,,,,,,,,,,,,,,,,,,,,,,,,,,,,,,
72,72,72,76,76,2,Jez,US,LUM,384,(cps),0,8,0.1,00,00,00.000,De=USLum,Ex=N/A,Em=N/A,Wdw=N/A,(12),,,,,,,,,,,,,,,,,,,,,,,,,,,,,,,,,,,,,,,,,,,,,,,,,,,,,,,,,,,,,,,,,,,,,,,,,,,,,,,,,,,,,,,,,,,,,,,,,,,
73,73,73,77,77,Results,for,Jez,US,LUM,384,(cps)(1),-,channel,0,(CPS),,,,,,,,,,,,,,,,,,,,,,,,,,,,,,,,,,,,,,,,,,,,,,,,,,,,,,,,,,,,,,,,,,,,,,,,,,,,,,,,,,,,,,,,,,,,,,,,,,,,,,,,,
74,74,74,78,78,,01,02,03,04,05,06,07,08,09,10,11,12,13,14,15,16,17,18,19,20,21,22,23,24,,,,,,,,,,,,,,,,,,,,,,,,,,,,,,,,,,,,,,,,,,,,,,,,,,,,,,,,,,,,,,,,,,,,,,,,,,,,,,,,,,,,,,,,,,,
75,75,75,79,79,A,4440,4800,4960,4480,4680,4800,4720,4720,4400,5000,4200,4800,4560,4640,4720,5120,5080,4640,4680,4360,4440,4200,25720,28240,,,,,,,,,,,,,,,,,,,,,,,,,,,,,,,,,,,,,,,,,,,,,,,,,,,,,,,,,,,,,,,,,,,,,,,,,,,,,,,,,,,,,,,,,,,
76,76,76,80,80,B,4520,4160,4640,5040,4680,4640,4800,4760,5160,4680,5080,5120,4600,5240,4600,4600,4880,4960,4520,4600,5000,4600,24880,26360,,,,,,,,,,,,,,,,,,,,,,,,,,,,,,,,,,,,,,,,,,,,,,,,,,,,,,,,,,,,,,,,,,,,,,,,,,,,,,,,,,,,,,,,,,,
77,77,77,81,81,C,4680,4560,4680,4880,4800,4480,4760,4680,5080,5160,4960,5120,4400,5200,4760,4720,4680,4840,4600,4280,4680,4480,27800,26720,,,,,,,,,,,,,,,,,,,,,,,,,,,,,,,,,,,,,,,,,,,,,,,,,,,,,,,,,,,,,,,,,,,,,,,,,,,,,,,,,,,,,,,,,,,
78,78,78,82,82,D,4600,5000,4400,5040,4760,4840,4960,5160,5360,4960,4920,5080,5040,5280,5080,4680,4920,4480,5200,5120,4560,4720,27720,27680,,,,,,,,,,,,,,,,,,,,,,,,,,,,,,,,,,,,,,,,,,,,,,,,,,,,,,,,,,,,,,,,,,,,,,,,,,,,,,,,,,,,,,,,,,,
79,79,79,83,83,E,4680,5240,4800,5560,5520,6000,5600,5400,5040,5280,5760,5080,5640,4560,5560,5000,5360,5440,5080,4920,5120,5120,31160,31440,,,,,,,,,,,,,,,,,,,,,,,,,,,,,,,,,,,,,,,,,,,,,,,,,,,,,,,,,,,,,,,,,,,,,,,,,,,,,,,,,,,,,,,,,,,
80,80,80,84,84,F,5160,5000,4800,5560,5560,5360,5400,5520,6200,5120,6040,5320,5360,5360,5880,5520,4920,5120,5280,5000,5360,4720,29800,31920,,,,,,,,,,,,,,,,,,,,,,,,,,,,,,,,,,,,,,,,,,,,,,,,,,,,,,,,,,,,,,,,,,,,,,,,,,,,,,,,,,,,,,,,,,,
81,81,81,85,85,G,4920,5280,5000,5360,4840,4880,5240,5560,5040,5560,5320,5120,5200,5480,5600,4840,5240,4760,4840,4720,5040,4880,30720,29440,,,,,,,,,,,,,,,,,,,,,,,,,,,,,,,,,,,,,,,,,,,,,,,,,,,,,,,,,,,,,,,,,,,,,,,,,,,,,,,,,,,,,,,,,,,
82,82,82,86,86,H,4880,4840,5080,5240,5280,4800,5320,5120,5280,5320,5320,5400,5080,5520,5000,4800,5160,5280,5120,4800,4800,4840,32000,31280,,,,,,,,,,,,,,,,,,,,,,,,,,,,,,,,,,,,,,,,,,,,,,,,,,,,,,,,,,,,,,,,,,,,,,,,,,,,,,,,,,,,,,,,,,,
83,83,83,87,87,I,5160,4680,4800,4840,4680,4720,5600,5240,4920,5040,5960,5240,4920,5320,5280,5480,5360,4960,4560,4520,5040,4640,29640,31200,,,,,,,,,,,,,,,,,,,,,,,,,,,,,,,,,,,,,,,,,,,,,,,,,,,,,,,,,,,,,,,,,,,,,,,,,,,,,,,,,,,,,,,,,,,
84,84,84,88,88,J,4800,4760,4720,4960,4440,4720,5080,5240,4960,5320,5280,5120,5000,5360,5000,4920,5600,4840,4920,4560,4920,4760,31040,31680,,,,,,,,,,,,,,,,,,,,,,,,,,,,,,,,,,,,,,,,,,,,,,,,,,,,,,,,,,,,,,,,,,,,,,,,,,,,,,,,,,,,,,,,,,,
85,85,85,89,89,K,4760,7880,5080,5400,5120,5120,5800,5480,5520,5600,5160,5440,5520,5160,5200,4560,5240,5120,5160,4880,4800,4640,30960,32360,,,,,,,,,,,,,,,,,,,,,,,,,,,,,,,,,,,,,,,,,,,,,,,,,,,,,,,,,,,,,,,,,,,,,,,,,,,,,,,,,,,,,,,,,,,
86,86,86,90,90,L,4560,4840,4720,5640,5200,4800,5160,5360,5080,5040,5440,5280,5480,5360,4960,5200,5200,4760,5240,4560,4840,4920,33800,32120,,,,,,,,,,,,,,,,,,,,,,,,,,,,,,,,,,,,,,,,,,,,,,,,,,,,,,,,,,,,,,,,,,,,,,,,,,,,,,,,,,,,,,,,,,,
87,87,87,91,91,M,4600,4680,4840,5000,5480,5160,4960,5000,5160,5800,5200,5120,5120,5160,5280,4960,5400,5320,4840,5480,4960,4600,37080,31160,,,,,,,,,,,,,,,,,,,,,,,,,,,,,,,,,,,,,,,,,,,,,,,,,,,,,,,,,,,,,,,,,,,,,,,,,,,,,,,,,,,,,,,,,,,
88,88,88,92,92,N,4720,5000,4720,5280,5000,4480,5320,5000,5400,4720,5160,5240,5280,5280,4840,5040,4800,4440,5280,4920,5240,4600,33960,32280,,,,,,,,,,,,,,,,,,,,,,,,,,,,,,,,,,,,,,,,,,,,,,,,,,,,,,,,,,,,,,,,,,,,,,,,,,,,,,,,,,,,,,,,,,,
89,89,89,93,93,O,4640,4840,4760,4880,5240,5120,4920,5160,4920,5280,5240,5160,5600,5080,5480,5040,5520,5200,4480,5040,4560,5160,31600,31320,,,,,,,,,,,,,,,,,,,,,,,,,,,,,,,,,,,,,,,,,,,,,,,,,,,,,,,,,,,,,,,,,,,,,,,,,,,,,,,,,,,,,,,,,,,
90,90,90,94,94,P,4400,4560,4680,4880,4760,4920,5240,5360,5240,4960,5080,5000,5040,4960,5280,4880,4920,4680,4960,4560,4560,4720,32480,33040,,,,,,,,,,,,,,,,,,,,,,,,,,,,,,,,,,,,,,,,,,,,,,,,,,,,,,,,,,,,,,,,,,,,,,,,,,,,,,,,,,,,,,,,,,,
91,91,91,95,95,Plate,information,,,,,,,,,,,,,,,,,,,,,,,,,,,,,,,,,,,,,,,,,,,,,,,,,,,,,,,,,,,,,,,,,,,,,,,,,,,,,,,,,,,,,,,,,,,,,,,,,,,,,,,,,,,,,,,,,,
92,92,92,96,96,Plate,Repeat,Barcode,Measured,height,Chamber,temperature,at,start,Chamber,temperature,at,end,Humidity,at,start,Humidity,at,end,Ambient,temperature,at,start,Ambient,temperature,at,end,Formula,Measurement,date,,,,,,,,,,,,,,,,,,,,,,,,,,,,,,,,,,,,,,,,,,,,,,,,,,,,,,,,,,,,,,,,,,,,,,,,,,,,,,,,,,,,,,
93,93,93,98,98,Background,information,,,,,,,,,,,,,,,,,,,,,,,,,,,,,,,,,,,,,,,,,,,,,,,,,,,,,,,,,,,,,,,,,,,,,,,,,,,,,,,,,,,,,,,,,,,,,,,,,,,,,,,,,,,,,,,,,,
94,94,94,99,99,Plate,Label,Result,Signal,Flashes/Time,Meastime,MeasInfo,,,,,,,,,,,,,,,,,,,,,,,,,,,,,,,,,,,,,,,,,,,,,,,,,,,,,,,,,,,,,,,,,,,,,,,,,,,,,,,,,,,,,,,,,,,,,,,,,,,,,,,,,,,,,
95,95,95,100,100,3,Jez,US,LUM,384,(cps),0,4,0.1,00,00,00.000,De=USLum,Ex=N/A,Em=N/A,Wdw=N/A,(12),,,,,,,,,,,,,,,,,,,,,,,,,,,,,,,,,,,,,,,,,,,,,,,,,,,,,,,,,,,,,,,,,,,,,,,,,,,,,,,,,,,,,,,,,,,,,,,,,,,
96,96,96,102,102,,01,02,03,04,05,06,07,08,09,10,11,12,13,14,15,16,17,18,19,20,21,22,23,24,,,,,,,,,,,,,,,,,,,,,,,,,,,,,,,,,,,,,,,,,,,,,,,,,,,,,,,,,,,,,,,,,,,,,,,,,,,,,,,,,,,,,,,,,,,
97,97,97,103,103,A,0.68540263357,0.68540263357,,,,,,,,,,,,,,,,,,,,,0.68540263357,0.68540263357,,,,,,,,,,,,,,,,,,,,,,,,,,,,,,,,,,,,,,,,,,,,,,,,,,,,,,,,,,,,,,,,,,,,,,,,,,,,,,,,,,,,,,,,,,,
98,98,98,104,104,B,0.68540263357,0.68540263357,,,,,,,,,,,,,,,,,,,,,0.68540263357,0.68540263357,,,,,,,,,,,,,,,,,,,,,,,,,,,,,,,,,,,,,,,,,,,,,,,,,,,,,,,,,,,,,,,,,,,,,,,,,,,,,,,,,,,,,,,,,,,
99,99,99,105,105,C,0.68540263357,0.68540263357,,,,,,,,,,,,,,,,,,,,,0.68540263357,0.68540263357,,,,,,,,,,,,,,,,,,,,,,,,,,,,,,,,,,,,,,,,,,,,,,,,,,,,,,,,,,,,,,,,,,,,,,,,,,,,,,,,,,,,,,,,,,,
100,100,100,106,106,D,0.68540263357,0.68540263357,,,,,,,,,,,,,,,,,,,,,0.68540263357,0.68540263357,,,,,,,,,,,,,,,,,,,,,,,,,,,,,,,,,,,,,,,,,,,,,,,,,,,,,,,,,,,,,,,,,,,,,,,,,,,,,,,,,,,,,,,,,,,
101,101,101,107,107,E,0.68540263357,0.68540263357,,,,,,,,,,,,,,,,,,,,,0.68540263357,0.68540263357,,,,,,,,,,,,,,,,,,,,,,,,,,,,,,,,,,,,,,,,,,,,,,,,,,,,,,,,,,,,,,,,,,,,,,,,,,,,,,,,,,,,,,,,,,,
102,102,102,108,108,F,0.68540263357,0.68540263357,,,,,,,,,,,,,,,,,,,,,0.68540263357,0.68540263357,,,,,,,,,,,,,,,,,,,,,,,,,,,,,,,,,,,,,,,,,,,,,,,,,,,,,,,,,,,,,,,,,,,,,,,,,,,,,,,,,,,,,,,,,,,
103,103,103,109,109,G,0.68540263357,0.68540263357,,,,,,,,,,,,,,,,,,,,,0.68540263357,0.68540263357,,,,,,,,,,,,,,,,,,,,,,,,,,,,,,,,,,,,,,,,,,,,,,,,,,,,,,,,,,,,,,,,,,,,,,,,,,,,,,,,,,,,,,,,,,,
104,104,104,110,110,H,0.68540263357,0.68540263357,,,,,,,,,,,,,,,,,,,,,0.68540263357,0.68540263357,,,,,,,,,,,,,,,,,,,,,,,,,,,,,,,,,,,,,,,,,,,,,,,,,,,,,,,,,,,,,,,,,,,,,,,,,,,,,,,,,,,,,,,,,,,
105,105,105,111,111,I,0.68540263357,0.68540263357,,,,,,,,,,,,,,,,,,,,,0.68540263357,0.68540263357,,,,,,,,,,,,,,,,,,,,,,,,,,,,,,,,,,,,,,,,,,,,,,,,,,,,,,,,,,,,,,,,,,,,,,,,,,,,,,,,,,,,,,,,,,,
106,106,106,112,112,J,0.68540263357,0.68540263357,,,,,,,,,,,,,,,,,,,,,0.68540263357,0.68540263357,,,,,,,,,,,,,,,,,,,,,,,,,,,,,,,,,,,,,,,,,,,,,,,,,,,,,,,,,,,,,,,,,,,,,,,,,,,,,,,,,,,,,,,,,,,
107,107,107,113,113,K,0.68540263357,0.68540263357,,,,,,,,,,,,,,,,,,,,,0.68540263357,0.68540263357,,,,,,,,,,,,,,,,,,,,,,,,,,,,,,,,,,,,,,,,,,,,,,,,,,,,,,,,,,,,,,,,,,,,,,,,,,,,,,,,,,,,,,,,,,,
108,108,108,114,114,L,0.68540263357,0.68540263357,,,,,,,,,,,,,,,,,,,,,0.68540263357,0.68540263357,,,,,,,,,,,,,,,,,,,,,,,,,,,,,,,,,,,,,,,,,,,,,,,,,,,,,,,,,,,,,,,,,,,,,,,,,,,,,,,,,,,,,,,,,,,
109,109,109,115,115,M,0.68540263357,0.68540263357,,,,,,,,,,,,,,,,,,,,,0.68540263357,0.68540263357,,,,,,,,,,,,,,,,,,,,,,,,,,,,,,,,,,,,,,,,,,,,,,,,,,,,,,,,,,,,,,,,,,,,,,,,,,,,,,,,,,,,,,,,,,,
110,110,110,116,116,N,0.68540263357,0.68540263357,,,,,,,,,,,,,,,,,,,,,0.68540263357,0.68540263357,,,,,,,,,,,,,,,,,,,,,,,,,,,,,,,,,,,,,,,,,,,,,,,,,,,,,,,,,,,,,,,,,,,,,,,,,,,,,,,,,,,,,,,,,,,
111,111,111,117,117,O,0.68540263357,0.68540263357,,,,,,,,,,,,,,,,,,,,,0.68540263357,0.68540263357,,,,,,,,,,,,,,,,,,,,,,,,,,,,,,,,,,,,,,,,,,,,,,,,,,,,,,,,,,,,,,,,,,,,,,,,,,,,,,,,,,,,,,,,,,,
112,112,112,118,118,P,0.68540263357,0.68540263357,,,,,,,,,,,,,,,,,,,,,0.68540263357,0.68540263357,,,,,,,,,,,,,,,,,,,,,,,,,,,,,,,,,,,,,,,,,,,,,,,,,,,,,,,,,,,,,,,,,,,,,,,,,,,,,,,,,,,,,,,,,,,
113,113,113,119,119,Plate,information,,,,,,,,,,,,,,,,,,,,,,,,,,,,,,,,,,,,,,,,,,,,,,,,,,,,,,,,,,,,,,,,,,,,,,,,,,,,,,,,,,,,,,,,,,,,,,,,,,,,,,,,,,,,,,,,,,
114,114,114,120,120,Plate,Repeat,Barcode,Measured,height,Chamber,temperature,at,start,Chamber,temperature,at,end,Humidity,at,start,Humidity,at,end,Ambient,temperature,at,start,Ambient,temperature,at,end,Group,Label,ScanX,ScanY,Measinfo,Kinetics,Measurement,date,,,,,,,,,,,,,,,,,,,,,,,,,,,,,,,,,,,,,,,,,,,,,,,,,,,,,,,,,,,,,,,,,,,,,,,,,,,,,,,,,
115,115,115,121,121,3,1,"""""""""""""""""""""""""""""""""""""""""""""""""""""""""""""""""""""""""""""""""""""""""""""""""""""""""""""""""""""""""""""""=""""""""""""""""""""""""""""""""""""""""""""""""""""""""""""""""""""""""""""""""""""""""""""""""""""""""""""""""""""""""""""""""H2061398""""""""""""""""""""""""""""""""""""""""""""""""""""""""""""""""""""""""""""""""""""""""""""""""""""""""""""""""""""""""""""""""""""""""""""""""""""""""""""""""""""""""""""""""""""""""""""""""""""""""""""""""""""""""""""""""""""""""""""""""""""""""""""""",14.01,17.62,17.72,47.2,47.4,18.11,18.11,1,Jez,US,LUM,384,(cps)(1),0,0,De=USLum,Ex=N/A,Em=N/A,Wdw=N/A,(12),0,3/22/2023,3,41,14,PM,,,,,,,,,,,,,,,,,,,,,,,,,,,,,,,,,,,,,,,,,,,,,,,,,,,,,,,,,,,,,,,,,,,,,,,,,,,,,,,,,,,,,,,
116,116,116,122,122,Background,information,,,,,,,,,,,,,,,,,,,,,,,,,,,,,,,,,,,,,,,,,,,,,,,,,,,,,,,,,,,,,,,,,,,,,,,,,,,,,,,,,,,,,,,,,,,,,,,,,,,,,,,,,,,,,,,,,,
117,117,117,123,123,Plate,Label,Result,Signal,Flashes/Time,Meastime,MeasInfo,,,,,,,,,,,,,,,,,,,,,,,,,,,,,,,,,,,,,,,,,,,,,,,,,,,,,,,,,,,,,,,,,,,,,,,,,,,,,,,,,,,,,,,,,,,,,,,,,,,,,,,,,,,,,
118,118,118,124,124,3,Jez,US,LUM,384,(cps),0,4,0.1,00,00,00.000,De=USLum,Ex=N/A,Em=N/A,Wdw=N/A,(12),,,,,,,,,,,,,,,,,,,,,,,,,,,,,,,,,,,,,,,,,,,,,,,,,,,,,,,,,,,,,,,,,,,,,,,,,,,,,,,,,,,,,,,,,,,,,,,,,,,
119,119,119,125,125,Results,for,Jez,US,LUM,384,(cps)(1),-,channel,0,(CPS),,,,,,,,,,,,,,,,,,,,,,,,,,,,,,,,,,,,,,,,,,,,,,,,,,,,,,,,,,,,,,,,,,,,,,,,,,,,,,,,,,,,,,,,,,,,,,,,,,,,,,,,,
120,120,120,126,126,,01,02,03,04,05,06,07,08,09,10,11,12,13,14,15,16,17,18,19,20,21,22,23,24,,,,,,,,,,,,,,,,,,,,,,,,,,,,,,,,,,,,,,,,,,,,,,,,,,,,,,,,,,,,,,,,,,,,,,,,,,,,,,,,,,,,,,,,,,,
121,121,121,127,127,A,3720,3960,5520,4080,4080,4200,3960,4720,4560,4520,4920,5320,4680,4560,4440,4880,4960,4840,4720,4040,4480,4520,26600,25560,,,,,,,,,,,,,,,,,,,,,,,,,,,,,,,,,,,,,,,,,,,,,,,,,,,,,,,,,,,,,,,,,,,,,,,,,,,,,,,,,,,,,,,,,,,
122,122,122,128,128,B,4280,3760,4080,3920,4400,4400,4960,4440,5080,5000,4760,5160,4800,4880,5040,4680,4640,4880,4920,4800,5160,4160,27680,28080,,,,,,,,,,,,,,,,,,,,,,,,,,,,,,,,,,,,,,,,,,,,,,,,,,,,,,,,,,,,,,,,,,,,,,,,,,,,,,,,,,,,,,,,,,,
123,123,123,129,129,C,4480,4480,4280,5280,4520,4720,4600,5200,4960,5200,5040,5480,5000,4760,5360,4480,4800,5280,4800,4920,4920,4680,25880,26320,,,,,,,,,,,,,,,,,,,,,,,,,,,,,,,,,,,,,,,,,,,,,,,,,,,,,,,,,,,,,,,,,,,,,,,,,,,,,,,,,,,,,,,,,,,
124,124,124,130,130,D,4600,4320,4640,4560,4800,4680,5120,5040,5040,5000,5120,5720,5400,5600,4920,4920,5360,4440,5080,4760,4400,4720,28800,27720,,,,,,,,,,,,,,,,,,,,,,,,,,,,,,,,,,,,,,,,,,,,,,,,,,,,,,,,,,,,,,,,,,,,,,,,,,,,,,,,,,,,,,,,,,,
125,125,125,131,131,E,4600,5320,5040,4920,5160,5480,5920,5880,5720,5480,5800,5520,5760,5280,5880,5440,5680,5200,4920,5320,5200,5320,30520,31440,,,,,,,,,,,,,,,,,,,,,,,,,,,,,,,,,,,,,,,,,,,,,,,,,,,,,,,,,,,,,,,,,,,,,,,,,,,,,,,,,,,,,,,,,,,
126,126,126,132,132,F,5080,5080,5040,5240,5000,5480,4920,5760,5720,5800,6040,6000,5520,5680,5800,5440,6080,5120,5600,5280,5120,5560,33000,33480,,,,,,,,,,,,,,,,,,,,,,,,,,,,,,,,,,,,,,,,,,,,,,,,,,,,,,,,,,,,,,,,,,,,,,,,,,,,,,,,,,,,,,,,,,,
127,127,127,133,133,G,4960,4960,5560,5080,5400,5280,5680,5680,5560,4960,5200,5560,5560,5800,5440,5280,5440,4840,5000,4960,5000,4720,29720,30560,,,,,,,,,,,,,,,,,,,,,,,,,,,,,,,,,,,,,,,,,,,,,,,,,,,,,,,,,,,,,,,,,,,,,,,,,,,,,,,,,,,,,,,,,,,
128,128,128,134,134,H,5160,5440,5080,5000,5680,5880,5560,5040,5760,5640,5120,5480,5080,5400,5480,5320,5400,4800,5200,5120,5040,5200,31440,29120,,,,,,,,,,,,,,,,,,,,,,,,,,,,,,,,,,,,,,,,,,,,,,,,,,,,,,,,,,,,,,,,,,,,,,,,,,,,,,,,,,,,,,,,,,,
129,129,129,135,135,I,4800,5240,4480,5040,4840,5160,5520,5280,5320,4960,5320,5600,4240,5400,5160,4920,5440,4800,4880,5200,5000,5000,29880,31080,,,,,,,,,,,,,,,,,,,,,,,,,,,,,,,,,,,,,,,,,,,,,,,,,,,,,,,,,,,,,,,,,,,,,,,,,,,,,,,,,,,,,,,,,,,
130,130,130,136,136,J,4800,5280,4560,5040,5120,5240,5720,5080,5560,5200,5240,5480,5200,5360,5440,5440,5480,4880,5200,4800,4800,4800,30840,30280,,,,,,,,,,,,,,,,,,,,,,,,,,,,,,,,,,,,,,,,,,,,,,,,,,,,,,,,,,,,,,,,,,,,,,,,,,,,,,,,,,,,,,,,,,,
131,131,131,137,137,K,5400,5080,5320,5600,5480,5440,5400,5720,5320,5640,5840,5560,5320,5200,5320,5480,5360,5280,5040,4920,4760,5240,30400,29400,,,,,,,,,,,,,,,,,,,,,,,,,,,,,,,,,,,,,,,,,,,,,,,,,,,,,,,,,,,,,,,,,,,,,,,,,,,,,,,,,,,,,,,,,,,
132,132,132,138,138,L,5160,5000,5080,5600,5640,5360,5760,5520,5680,5440,6000,5280,5400,5080,4120,5000,5200,5040,5520,4680,4880,5000,29160,31000,,,,,,,,,,,,,,,,,,,,,,,,,,,,,,,,,,,,,,,,,,,,,,,,,,,,,,,,,,,,,,,,,,,,,,,,,,,,,,,,,,,,,,,,,,,
133,133,133,139,139,M,5120,5520,5160,5200,5360,4960,5480,5600,5440,5520,5640,5120,5280,5120,5520,4880,5840,4880,5160,4720,4920,5200,30480,31120,,,,,,,,,,,,,,,,,,,,,,,,,,,,,,,,,,,,,,,,,,,,,,,,,,,,,,,,,,,,,,,,,,,,,,,,,,,,,,,,,,,,,,,,,,,
134,134,134,140,140,N,4440,5360,5000,5160,5000,5080,5760,5400,5480,5640,5760,5680,5360,5880,5320,5360,5240,5520,5280,5120,4880,5280,30040,30440,,,,,,,,,,,,,,,,,,,,,,,,,,,,,,,,,,,,,,,,,,,,,,,,,,,,,,,,,,,,,,,,,,,,,,,,,,,,,,,,,,,,,,,,,,,
135,135,135,141,141,O,4840,5360,4880,5480,5320,5680,5600,5480,5560,5480,5360,5240,5680,5520,5320,5520,5560,5280,4600,4920,4520,5000,32760,31400,,,,,,,,,,,,,,,,,,,,,,,,,,,,,,,,,,,,,,,,,,,,,,,,,,,,,,,,,,,,,,,,,,,,,,,,,,,,,,,,,,,,,,,,,,,
136,136,136,142,142,P,4920,5120,4760,5000,5160,4760,5200,5000,5400,5280,5160,5160,5240,5240,4960,5120,4880,5160,4880,4800,4960,4720,33840,33200,,,,,,,,,,,,,,,,,,,,,,,,,,,,,,,,,,,,,,,,,,,,,,,,,,,,,,,,,,,,,,,,,,,,,,,,,,,,,,,,,,,,,,,,,,,
137,137,137,143,143,Plate,information,,,,,,,,,,,,,,,,,,,,,,,,,,,,,,,,,,,,,,,,,,,,,,,,,,,,,,,,,,,,,,,,,,,,,,,,,,,,,,,,,,,,,,,,,,,,,,,,,,,,,,,,,,,,,,,,,,
138,138,138,144,144,Plate,Repeat,Barcode,Measured,height,Chamber,temperature,at,start,Chamber,temperature,at,end,Humidity,at,start,Humidity,at,end,Ambient,temperature,at,start,Ambient,temperature,at,end,Formula,Measurement,date,,,,,,,,,,,,,,,,,,,,,,,,,,,,,,,,,,,,,,,,,,,,,,,,,,,,,,,,,,,,,,,,,,,,,,,,,,,,,,,,,,,,,,
139,139,139,146,146,Background,information,,,,,,,,,,,,,,,,,,,,,,,,,,,,,,,,,,,,,,,,,,,,,,,,,,,,,,,,,,,,,,,,,,,,,,,,,,,,,,,,,,,,,,,,,,,,,,,,,,,,,,,,,,,,,,,,,,
140,140,140,147,147,Plate,Label,Result,Signal,Flashes/Time,Meastime,MeasInfo,,,,,,,,,,,,,,,,,,,,,,,,,,,,,,,,,,,,,,,,,,,,,,,,,,,,,,,,,,,,,,,,,,,,,,,,,,,,,,,,,,,,,,,,,,,,,,,,,,,,,,,,,,,,,
141,141,141,148,148,4,Jez,US,LUM,384,(cps),0,8,0.1,00,00,00.000,De=USLum,Ex=N/A,Em=N/A,Wdw=N/A,(12),,,,,,,,,,,,,,,,,,,,,,,,,,,,,,,,,,,,,,,,,,,,,,,,,,,,,,,,,,,,,,,,,,,,,,,,,,,,,,,,,,,,,,,,,,,,,,,,,,,
142,142,142,150,150,,01,02,03,04,05,06,07,08,09,10,11,12,13,14,15,16,17,18,19,20,21,22,23,24,,,,,,,,,,,,,,,,,,,,,,,,,,,,,,,,,,,,,,,,,,,,,,,,,,,,,,,,,,,,,,,,,,,,,,,,,,,,,,,,,,,,,,,,,,,
143,143,143,151,151,A,0.75257885877,0.75257885877,,,,,,,,,,,,,,,,,,,,,0.75257885877,0.75257885877,,,,,,,,,,,,,,,,,,,,,,,,,,,,,,,,,,,,,,,,,,,,,,,,,,,,,,,,,,,,,,,,,,,,,,,,,,,,,,,,,,,,,,,,,,,
144,144,144,152,152,B,0.75257885877,0.75257885877,,,,,,,,,,,,,,,,,,,,,0.75257885877,0.75257885877,,,,,,,,,,,,,,,,,,,,,,,,,,,,,,,,,,,,,,,,,,,,,,,,,,,,,,,,,,,,,,,,,,,,,,,,,,,,,,,,,,,,,,,,,,,
145,145,145,153,153,C,0.75257885877,0.75257885877,,,,,,,,,,,,,,,,,,,,,0.75257885877,0.75257885877,,,,,,,,,,,,,,,,,,,,,,,,,,,,,,,,,,,,,,,,,,,,,,,,,,,,,,,,,,,,,,,,,,,,,,,,,,,,,,,,,,,,,,,,,,,
146,146,146,154,154,D,0.75257885877,0.75257885877,,,,,,,,,,,,,,,,,,,,,0.75257885877,0.75257885877,,,,,,,,,,,,,,,,,,,,,,,,,,,,,,,,,,,,,,,,,,,,,,,,,,,,,,,,,,,,,,,,,,,,,,,,,,,,,,,,,,,,,,,,,,,
147,147,147,155,155,E,0.75257885877,0.75257885877,,,,,,,,,,,,,,,,,,,,,0.75257885877,0.75257885877,,,,,,,,,,,,,,,,,,,,,,,,,,,,,,,,,,,,,,,,,,,,,,,,,,,,,,,,,,,,,,,,,,,,,,,,,,,,,,,,,,,,,,,,,,,
148,148,148,156,156,F,0.75257885877,0.75257885877,,,,,,,,,,,,,,,,,,,,,0.75257885877,0.75257885877,,,,,,,,,,,,,,,,,,,,,,,,,,,,,,,,,,,,,,,,,,,,,,,,,,,,,,,,,,,,,,,,,,,,,,,,,,,,,,,,,,,,,,,,,,,
149,149,149,157,157,G,0.75257885877,0.75257885877,,,,,,,,,,,,,,,,,,,,,0.75257885877,0.75257885877,,,,,,,,,,,,,,,,,,,,,,,,,,,,,,,,,,,,,,,,,,,,,,,,,,,,,,,,,,,,,,,,,,,,,,,,,,,,,,,,,,,,,,,,,,,
150,150,150,158,158,H,0.75257885877,0.75257885877,,,,,,,,,,,,,,,,,,,,,0.75257885877,0.75257885877,,,,,,,,,,,,,,,,,,,,,,,,,,,,,,,,,,,,,,,,,,,,,,,,,,,,,,,,,,,,,,,,,,,,,,,,,,,,,,,,,,,,,,,,,,,
151,151,151,159,159,I,0.75257885877,0.75257885877,,,,,,,,,,,,,,,,,,,,,0.75257885877,0.75257885877,,,,,,,,,,,,,,,,,,,,,,,,,,,,,,,,,,,,,,,,,,,,,,,,,,,,,,,,,,,,,,,,,,,,,,,,,,,,,,,,,,,,,,,,,,,
152,152,152,160,160,J,0.75257885877,0.75257885877,,,,,,,,,,,,,,,,,,,,,0.75257885877,0.75257885877,,,,,,,,,,,,,,,,,,,,,,,,,,,,,,,,,,,,,,,,,,,,,,,,,,,,,,,,,,,,,,,,,,,,,,,,,,,,,,,,,,,,,,,,,,,
153,153,153,161,161,K,0.75257885877,0.75257885877,,,,,,,,,,,,,,,,,,,,,0.75257885877,0.75257885877,,,,,,,,,,,,,,,,,,,,,,,,,,,,,,,,,,,,,,,,,,,,,,,,,,,,,,,,,,,,,,,,,,,,,,,,,,,,,,,,,,,,,,,,,,,
154,154,154,162,162,L,0.75257885877,0.75257885877,,,,,,,,,,,,,,,,,,,,,0.75257885877,0.75257885877,,,,,,,,,,,,,,,,,,,,,,,,,,,,,,,,,,,,,,,,,,,,,,,,,,,,,,,,,,,,,,,,,,,,,,,,,,,,,,,,,,,,,,,,,,,
155,155,155,163,163,M,0.75257885877,0.75257885877,,,,,,,,,,,,,,,,,,,,,0.75257885877,0.75257885877,,,,,,,,,,,,,,,,,,,,,,,,,,,,,,,,,,,,,,,,,,,,,,,,,,,,,,,,,,,,,,,,,,,,,,,,,,,,,,,,,,,,,,,,,,,
156,156,156,164,164,N,0.75257885877,0.75257885877,,,,,,,,,,,,,,,,,,,,,0.75257885877,0.75257885877,,,,,,,,,,,,,,,,,,,,,,,,,,,,,,,,,,,,,,,,,,,,,,,,,,,,,,,,,,,,,,,,,,,,,,,,,,,,,,,,,,,,,,,,,,,
157,157,157,165,165,O,0.75257885877,0.75257885877,,,,,,,,,,,,,,,,,,,,,0.75257885877,0.75257885877,,,,,,,,,,,,,,,,,,,,,,,,,,,,,,,,,,,,,,,,,,,,,,,,,,,,,,,,,,,,,,,,,,,,,,,,,,,,,,,,,,,,,,,,,,,
158,158,158,166,166,P,0.75257885877,0.75257885877,,,,,,,,,,,,,,,,,,,,,0.75257885877,0.75257885877,,,,,,,,,,,,,,,,,,,,,,,,,,,,,,,,,,,,,,,,,,,,,,,,,,,,,,,,,,,,,,,,,,,,,,,,,,,,,,,,,,,,,,,,,,,
159,159,159,167,167,Plate,information,,,,,,,,,,,,,,,,,,,,,,,,,,,,,,,,,,,,,,,,,,,,,,,,,,,,,,,,,,,,,,,,,,,,,,,,,,,,,,,,,,,,,,,,,,,,,,,,,,,,,,,,,,,,,,,,,,
160,160,160,168,168,Plate,Repeat,Barcode,Measured,height,Chamber,temperature,at,start,Chamber,temperature,at,end,Humidity,at,start,Humidity,at,end,Ambient,temperature,at,start,Ambient,temperature,at,end,Group,Label,ScanX,ScanY,Measinfo,Kinetics,Measurement,date,,,,,,,,,,,,,,,,,,,,,,,,,,,,,,,,,,,,,,,,,,,,,,,,,,,,,,,,,,,,,,,,,,,,,,,,,,,,,,,,,
161,161,161,169,169,4,1,"""""""""""""""""""""""""""""""""""""""""""""""""""""""""""""""""""""""""""""""""""""""""""""""""""""""""""""""""""""""""""""""=""""""""""""""""""""""""""""""""""""""""""""""""""""""""""""""""""""""""""""""""""""""""""""""""""""""""""""""""""""""""""""""""H2061400""""""""""""""""""""""""""""""""""""""""""""""""""""""""""""""""""""""""""""""""""""""""""""""""""""""""""""""""""""""""""""""""""""""""""""""""""""""""""""""""""""""""""""""""""""""""""""""""""""""""""""""""""""""""""""""""""""""""""""""""""""""""""""""",14.01,17.7,17.82,47.5,47.5,18.1,18.11,1,Jez,US,LUM,384,(cps)(1),0,0,De=USLum,Ex=N/A,Em=N/A,Wdw=N/A,(12),0,3/22/2023,3,42,51,PM,,,,,,,,,,,,,,,,,,,,,,,,,,,,,,,,,,,,,,,,,,,,,,,,,,,,,,,,,,,,,,,,,,,,,,,,,,,,,,,,,,,,,,,
162,162,162,170,170,Background,information,,,,,,,,,,,,,,,,,,,,,,,,,,,,,,,,,,,,,,,,,,,,,,,,,,,,,,,,,,,,,,,,,,,,,,,,,,,,,,,,,,,,,,,,,,,,,,,,,,,,,,,,,,,,,,,,,,
163,163,163,171,171,Plate,Label,Result,Signal,Flashes/Time,Meastime,MeasInfo,,,,,,,,,,,,,,,,,,,,,,,,,,,,,,,,,,,,,,,,,,,,,,,,,,,,,,,,,,,,,,,,,,,,,,,,,,,,,,,,,,,,,,,,,,,,,,,,,,,,,,,,,,,,,
164,164,164,172,172,4,Jez,US,LUM,384,(cps),0,8,0.1,00,00,00.000,De=USLum,Ex=N/A,Em=N/A,Wdw=N/A,(12),,,,,,,,,,,,,,,,,,,,,,,,,,,,,,,,,,,,,,,,,,,,,,,,,,,,,,,,,,,,,,,,,,,,,,,,,,,,,,,,,,,,,,,,,,,,,,,,,,,
165,165,165,173,173,Results,for,Jez,US,LUM,384,(cps)(1),-,channel,0,(CPS),,,,,,,,,,,,,,,,,,,,,,,,,,,,,,,,,,,,,,,,,,,,,,,,,,,,,,,,,,,,,,,,,,,,,,,,,,,,,,,,,,,,,,,,,,,,,,,,,,,,,,,,,
166,166,166,174,174,,01,02,03,04,05,06,07,08,09,10,11,12,13,14,15,16,17,18,19,20,21,22,23,24,,,,,,,,,,,,,,,,,,,,,,,,,,,,,,,,,,,,,,,,,,,,,,,,,,,,,,,,,,,,,,,,,,,,,,,,,,,,,,,,,,,,,,,,,,,
167,167,167,175,175,A,4440,4400,4600,4840,4320,4760,4840,4960,4880,4520,4520,5160,4680,4840,4760,4440,5080,4840,4800,4120,4400,4560,28680,30880,,,,,,,,,,,,,,,,,,,,,,,,,,,,,,,,,,,,,,,,,,,,,,,,,,,,,,,,,,,,,,,,,,,,,,,,,,,,,,,,,,,,,,,,,,,
168,168,168,176,176,B,4280,4400,4520,4760,4760,4560,4960,4760,4960,4880,4800,7280,5080,5160,5200,5080,4680,5160,4080,4560,4640,4920,29080,27640,,,,,,,,,,,,,,,,,,,,,,,,,,,,,,,,,,,,,,,,,,,,,,,,,,,,,,,,,,,,,,,,,,,,,,,,,,,,,,,,,,,,,,,,,,,
169,169,169,177,177,C,4600,4440,4600,4520,4680,5040,5000,4600,4800,4880,4840,5400,5000,4960,4960,5000,5040,4960,4520,4360,4320,4400,30520,28960,,,,,,,,,,,,,,,,,,,,,,,,,,,,,,,,,,,,,,,,,,,,,,,,,,,,,,,,,,,,,,,,,,,,,,,,,,,,,,,,,,,,,,,,,,,
170,170,170,178,178,D,4960,4840,4800,4680,5160,4600,5160,4960,4800,4760,5000,4920,4560,5280,5280,4640,4560,4800,4800,5000,4480,4720,28760,28880,,,,,,,,,,,,,,,,,,,,,,,,,,,,,,,,,,,,,,,,,,,,,,,,,,,,,,,,,,,,,,,,,,,,,,,,,,,,,,,,,,,,,,,,,,,
171,171,171,179,179,E,5200,5360,4480,6520,5200,5280,5720,5440,5440,5560,5240,5480,5600,5400,4920,5160,5440,5520,5320,4960,4920,5160,30360,34560,,,,,,,,,,,,,,,,,,,,,,,,,,,,,,,,,,,,,,,,,,,,,,,,,,,,,,,,,,,,,,,,,,,,,,,,,,,,,,,,,,,,,,,,,,,
172,172,172,180,180,F,5080,5200,4760,5000,5360,5240,5760,5560,5600,5480,5040,6080,5520,5440,5760,5040,5480,5200,5480,5360,4840,5080,30760,33040,,,,,,,,,,,,,,,,,,,,,,,,,,,,,,,,,,,,,,,,,,,,,,,,,,,,,,,,,,,,,,,,,,,,,,,,,,,,,,,,,,,,,,,,,,,
173,173,173,181,181,G,4960,4920,4760,5240,5320,4880,5440,5240,5400,5520,5520,5160,5320,5480,5200,6240,5480,4560,4920,4960,4920,4760,30920,32800,,,,,,,,,,,,,,,,,,,,,,,,,,,,,,,,,,,,,,,,,,,,,,,,,,,,,,,,,,,,,,,,,,,,,,,,,,,,,,,,,,,,,,,,,,,
174,174,174,182,182,H,4720,5160,5320,5200,5400,5160,5400,5080,5280,5320,5840,5280,5480,5760,5040,5320,5080,5400,4880,5160,4920,4520,33840,34080,,,,,,,,,,,,,,,,,,,,,,,,,,,,,,,,,,,,,,,,,,,,,,,,,,,,,,,,,,,,,,,,,,,,,,,,,,,,,,,,,,,,,,,,,,,
175,175,175,183,183,I,4560,4320,4960,5040,5120,5280,4920,4760,5440,5040,5120,5000,4880,5000,5560,5440,4840,4840,5320,4720,4680,4600,31320,32160,,,,,,,,,,,,,,,,,,,,,,,,,,,,,,,,,,,,,,,,,,,,,,,,,,,,,,,,,,,,,,,,,,,,,,,,,,,,,,,,,,,,,,,,,,,
176,176,176,184,184,J,4800,4640,4520,4840,5120,4880,4960,5000,5320,8200,5080,5520,5200,4920,5400,4880,4920,4880,4560,4920,4600,4480,32480,31960,,,,,,,,,,,,,,,,,,,,,,,,,,,,,,,,,,,,,,,,,,,,,,,,,,,,,,,,,,,,,,,,,,,,,,,,,,,,,,,,,,,,,,,,,,,
177,177,177,185,185,K,4800,4960,4640,5120,4800,4800,5640,5040,5680,5240,5000,5360,5560,5240,5160,5280,5480,5120,5120,4920,4680,5400,34400,32120,,,,,,,,,,,,,,,,,,,,,,,,,,,,,,,,,,,,,,,,,,,,,,,,,,,,,,,,,,,,,,,,,,,,,,,,,,,,,,,,,,,,,,,,,,,
178,178,178,186,186,L,4720,4560,4920,4560,5000,4800,5720,5200,5000,5160,5080,5240,4720,5160,5160,5200,5360,4800,5240,4800,4600,5240,33320,33040,,,,,,,,,,,,,,,,,,,,,,,,,,,,,,,,,,,,,,,,,,,,,,,,,,,,,,,,,,,,,,,,,,,,,,,,,,,,,,,,,,,,,,,,,,,
179,179,179,187,187,M,4680,4960,5320,5200,5160,4920,5320,5200,5240,5520,5200,5160,5360,5200,4800,4600,5040,4880,5360,5040,5280,4600,33920,31720,,,,,,,,,,,,,,,,,,,,,,,,,,,,,,,,,,,,,,,,,,,,,,,,,,,,,,,,,,,,,,,,,,,,,,,,,,,,,,,,,,,,,,,,,,,
180,180,180,188,188,N,4920,5200,4920,4840,5040,5240,5400,5040,4920,5640,5080,5720,4920,5040,5280,4880,5240,5160,4960,5080,4920,4760,32200,30080,,,,,,,,,,,,,,,,,,,,,,,,,,,,,,,,,,,,,,,,,,,,,,,,,,,,,,,,,,,,,,,,,,,,,,,,,,,,,,,,,,,,,,,,,,,
181,181,181,189,189,O,4880,4960,4800,5120,5480,4720,4920,5320,5320,5040,5120,5400,5080,5440,4760,5040,4720,5200,5520,4560,5320,4840,31920,33400,,,,,,,,,,,,,,,,,,,,,,,,,,,,,,,,,,,,,,,,,,,,,,,,,,,,,,,,,,,,,,,,,,,,,,,,,,,,,,,,,,,,,,,,,,,
182,182,182,190,190,P,4520,4760,4960,4640,4840,5240,4880,5080,4840,4960,5080,4960,5000,4960,5280,4520,5200,5320,4880,5000,4480,4600,31920,34680,,,,,,,,,,,,,,,,,,,,,,,,,,,,,,,,,,,,,,,,,,,,,,,,,,,,,,,,,,,,,,,,,,,,,,,,,,,,,,,,,,,,,,,,,,,
183,183,183,191,191,Plate,information,,,,,,,,,,,,,,,,,,,,,,,,,,,,,,,,,,,,,,,,,,,,,,,,,,,,,,,,,,,,,,,,,,,,,,,,,,,,,,,,,,,,,,,,,,,,,,,,,,,,,,,,,,,,,,,,,,
184,184,184,192,192,Plate,Repeat,Barcode,Measured,height,Chamber,temperature,at,start,Chamber,temperature,at,end,Humidity,at,start,Humidity,at,end,Ambient,temperature,at,start,Ambient,temperature,at,end,Formula,Measurement,date,,,,,,,,,,,,,,,,,,,,,,,,,,,,,,,,,,,,,,,,,,,,,,,,,,,,,,,,,,,,,,,,,,,,,,,,,,,,,,,,,,,,,,
185,185,185,194,194,Background,information,,,,,,,,,,,,,,,,,,,,,,,,,,,,,,,,,,,,,,,,,,,,,,,,,,,,,,,,,,,,,,,,,,,,,,,,,,,,,,,,,,,,,,,,,,,,,,,,,,,,,,,,,,,,,,,,,,
186,186,186,195,195,Plate,Label,Result,Signal,Flashes/Time,Meastime,MeasInfo,,,,,,,,,,,,,,,,,,,,,,,,,,,,,,,,,,,,,,,,,,,,,,,,,,,,,,,,,,,,,,,,,,,,,,,,,,,,,,,,,,,,,,,,,,,,,,,,,,,,,,,,,,,,,
187,187,187,196,196,5,Jez,US,LUM,384,(cps),0,0,0.1,00,00,00.000,De=USLum,Ex=N/A,Em=N/A,Wdw=N/A,(12),,,,,,,,,,,,,,,,,,,,,,,,,,,,,,,,,,,,,,,,,,,,,,,,,,,,,,,,,,,,,,,,,,,,,,,,,,,,,,,,,,,,,,,,,,,,,,,,,,,
188,188,188,198,198,,01,02,03,04,05,06,07,08,09,10,11,12,13,14,15,16,17,18,19,20,21,22,23,24,,,,,,,,,,,,,,,,,,,,,,,,,,,,,,,,,,,,,,,,,,,,,,,,,,,,,,,,,,,,,,,,,,,,,,,,,,,,,,,,,,,,,,,,,,,
189,189,189,199,199,A,0.71362459761,0.71362459761,,,,,,,,,,,,,,,,,,,,,0.71362459761,0.71362459761,,,,,,,,,,,,,,,,,,,,,,,,,,,,,,,,,,,,,,,,,,,,,,,,,,,,,,,,,,,,,,,,,,,,,,,,,,,,,,,,,,,,,,,,,,,
190,190,190,200,200,B,0.71362459761,0.71362459761,,,,,,,,,,,,,,,,,,,,,0.71362459761,0.71362459761,,,,,,,,,,,,,,,,,,,,,,,,,,,,,,,,,,,,,,,,,,,,,,,,,,,,,,,,,,,,,,,,,,,,,,,,,,,,,,,,,,,,,,,,,,,
191,191,191,201,201,C,0.71362459761,0.71362459761,,,,,,,,,,,,,,,,,,,,,0.71362459761,0.71362459761,,,,,,,,,,,,,,,,,,,,,,,,,,,,,,,,,,,,,,,,,,,,,,,,,,,,,,,,,,,,,,,,,,,,,,,,,,,,,,,,,,,,,,,,,,,
192,192,192,202,202,D,0.71362459761,0.71362459761,,,,,,,,,,,,,,,,,,,,,0.71362459761,0.71362459761,,,,,,,,,,,,,,,,,,,,,,,,,,,,,,,,,,,,,,,,,,,,,,,,,,,,,,,,,,,,,,,,,,,,,,,,,,,,,,,,,,,,,,,,,,,
193,193,193,203,203,E,0.71362459761,0.71362459761,,,,,,,,,,,,,,,,,,,,,0.71362459761,0.71362459761,,,,,,,,,,,,,,,,,,,,,,,,,,,,,,,,,,,,,,,,,,,,,,,,,,,,,,,,,,,,,,,,,,,,,,,,,,,,,,,,,,,,,,,,,,,
194,194,194,204,204,F,0.71362459761,0.71362459761,,,,,,,,,,,,,,,,,,,,,0.71362459761,0.71362459761,,,,,,,,,,,,,,,,,,,,,,,,,,,,,,,,,,,,,,,,,,,,,,,,,,,,,,,,,,,,,,,,,,,,,,,,,,,,,,,,,,,,,,,,,,,
195,195,195,205,205,G,0.71362459761,0.71362459761,,,,,,,,,,,,,,,,,,,,,0.71362459761,0.71362459761,,,,,,,,,,,,,,,,,,,,,,,,,,,,,,,,,,,,,,,,,,,,,,,,,,,,,,,,,,,,,,,,,,,,,,,,,,,,,,,,,,,,,,,,,,,
196,196,196,206,206,H,0.71362459761,0.71362459761,,,,,,,,,,,,,,,,,,,,,0.71362459761,0.71362459761,,,,,,,,,,,,,,,,,,,,,,,,,,,,,,,,,,,,,,,,,,,,,,,,,,,,,,,,,,,,,,,,,,,,,,,,,,,,,,,,,,,,,,,,,,,
197,197,197,207,207,I,0.71362459761,0.71362459761,,,,,,,,,,,,,,,,,,,,,0.71362459761,0.71362459761,,,,,,,,,,,,,,,,,,,,,,,,,,,,,,,,,,,,,,,,,,,,,,,,,,,,,,,,,,,,,,,,,,,,,,,,,,,,,,,,,,,,,,,,,,,
198,198,198,208,208,J,0.71362459761,0.71362459761,,,,,,,,,,,,,,,,,,,,,0.71362459761,0.71362459761,,,,,,,,,,,,,,,,,,,,,,,,,,,,,,,,,,,,,,,,,,,,,,,,,,,,,,,,,,,,,,,,,,,,,,,,,,,,,,,,,,,,,,,,,,,
199,199,199,209,209,K,0.71362459761,0.71362459761,,,,,,,,,,,,,,,,,,,,,0.71362459761,0.71362459761,,,,,,,,,,,,,,,,,,,,,,,,,,,,,,,,,,,,,,,,,,,,,,,,,,,,,,,,,,,,,,,,,,,,,,,,,,,,,,,,,,,,,,,,,,,
200,200,200,210,210,L,0.71362459761,0.71362459761,,,,,,,,,,,,,,,,,,,,,0.71362459761,0.71362459761,,,,,,,,,,,,,,,,,,,,,,,,,,,,,,,,,,,,,,,,,,,,,,,,,,,,,,,,,,,,,,,,,,,,,,,,,,,,,,,,,,,,,,,,,,,
201,201,201,211,211,M,0.71362459761,0.71362459761,,,,,,,,,,,,,,,,,,,,,0.71362459761,0.71362459761,,,,,,,,,,,,,,,,,,,,,,,,,,,,,,,,,,,,,,,,,,,,,,,,,,,,,,,,,,,,,,,,,,,,,,,,,,,,,,,,,,,,,,,,,,,
202,202,202,212,212,N,0.71362459761,0.71362459761,,,,,,,,,,,,,,,,,,,,,0.71362459761,0.71362459761,,,,,,,,,,,,,,,,,,,,,,,,,,,,,,,,,,,,,,,,,,,,,,,,,,,,,,,,,,,,,,,,,,,,,,,,,,,,,,,,,,,,,,,,,,,
203,203,203,213,213,O,0.71362459761,0.71362459761,,,,,,,,,,,,,,,,,,,,,0.71362459761,0.71362459761,,,,,,,,,,,,,,,,,,,,,,,,,,,,,,,,,,,,,,,,,,,,,,,,,,,,,,,,,,,,,,,,,,,,,,,,,,,,,,,,,,,,,,,,,,,
204,204,204,214,214,P,0.71362459761,0.71362459761,,,,,,,,,,,,,,,,,,,,,0.71362459761,0.71362459761,,,,,,,,,,,,,,,,,,,,,,,,,,,,,,,,,,,,,,,,,,,,,,,,,,,,,,,,,,,,,,,,,,,,,,,,,,,,,,,,,,,,,,,,,,,
205,205,205,215,215,Plate,information,,,,,,,,,,,,,,,,,,,,,,,,,,,,,,,,,,,,,,,,,,,,,,,,,,,,,,,,,,,,,,,,,,,,,,,,,,,,,,,,,,,,,,,,,,,,,,,,,,,,,,,,,,,,,,,,,,
206,206,206,216,216,Plate,Repeat,Barcode,Measured,height,Chamber,temperature,at,start,Chamber,temperature,at,end,Humidity,at,start,Humidity,at,end,Ambient,temperature,at,start,Ambient,temperature,at,end,Group,Label,ScanX,ScanY,Measinfo,Kinetics,Measurement,date,,,,,,,,,,,,,,,,,,,,,,,,,,,,,,,,,,,,,,,,,,,,,,,,,,,,,,,,,,,,,,,,,,,,,,,,,,,,,,,,,
207,207,207,217,217,5,1,"""""""""""""""""""""""""""""""""""""""""""""""""""""""""""""""""""""""""""""""""""""""""""""""""""""""""""""""""""""""""""""""=""""""""""""""""""""""""""""""""""""""""""""""""""""""""""""""""""""""""""""""""""""""""""""""""""""""""""""""""""""""""""""""""H2061402""""""""""""""""""""""""""""""""""""""""""""""""""""""""""""""""""""""""""""""""""""""""""""""""""""""""""""""""""""""""""""""""""""""""""""""""""""""""""""""""""""""""""""""""""""""""""""""""""""""""""""""""""""""""""""""""""""""""""""""""""""""""""""""",14.01,17.8,17.82,47.5,48,18.2,18.21,1,Jez,US,LUM,384,(cps)(1),0,0,De=USLum,Ex=N/A,Em=N/A,Wdw=N/A,(12),0,3/22/2023,3,44,27,PM,,,,,,,,,,,,,,,,,,,,,,,,,,,,,,,,,,,,,,,,,,,,,,,,,,,,,,,,,,,,,,,,,,,,,,,,,,,,,,,,,,,,,,,
208,208,208,218,218,Background,information,,,,,,,,,,,,,,,,,,,,,,,,,,,,,,,,,,,,,,,,,,,,,,,,,,,,,,,,,,,,,,,,,,,,,,,,,,,,,,,,,,,,,,,,,,,,,,,,,,,,,,,,,,,,,,,,,,
209,209,209,219,219,Plate,Label,Result,Signal,Flashes/Time,Meastime,MeasInfo,,,,,,,,,,,,,,,,,,,,,,,,,,,,,,,,,,,,,,,,,,,,,,,,,,,,,,,,,,,,,,,,,,,,,,,,,,,,,,,,,,,,,,,,,,,,,,,,,,,,,,,,,,,,,
210,210,210,220,220,5,Jez,US,LUM,384,(cps),0,0,0.1,00,00,00.000,De=USLum,Ex=N/A,Em=N/A,Wdw=N/A,(12),,,,,,,,,,,,,,,,,,,,,,,,,,,,,,,,,,,,,,,,,,,,,,,,,,,,,,,,,,,,,,,,,,,,,,,,,,,,,,,,,,,,,,,,,,,,,,,,,,,
211,211,211,221,221,Results,for,Jez,US,LUM,384,(cps)(1),-,channel,0,(CPS),,,,,,,,,,,,,,,,,,,,,,,,,,,,,,,,,,,,,,,,,,,,,,,,,,,,,,,,,,,,,,,,,,,,,,,,,,,,,,,,,,,,,,,,,,,,,,,,,,,,,,,,,
212,212,212,222,222,,01,02,03,04,05,06,07,08,09,10,11,12,13,14,15,16,17,18,19,20,21,22,23,24,,,,,,,,,,,,,,,,,,,,,,,,,,,,,,,,,,,,,,,,,,,,,,,,,,,,,,,,,,,,,,,,,,,,,,,,,,,,,,,,,,,,,,,,,,,
213,213,213,223,223,A,4480,4480,4200,4720,4000,4680,4360,4480,4680,4320,4400,4240,4400,4200,4520,4520,4320,4160,4640,4280,4000,4440,28200,26080,,,,,,,,,,,,,,,,,,,,,,,,,,,,,,,,,,,,,,,,,,,,,,,,,,,,,,,,,,,,,,,,,,,,,,,,,,,,,,,,,,,,,,,,,,,
214,214,214,224,224,B,4640,4120,4240,4320,4360,4760,4320,4880,4200,4480,4720,4600,4560,4160,4800,4400,4440,4120,4120,4280,4080,3960,27160,26640,,,,,,,,,,,,,,,,,,,,,,,,,,,,,,,,,,,,,,,,,,,,,,,,,,,,,,,,,,,,,,,,,,,,,,,,,,,,,,,,,,,,,,,,,,,
215,215,215,225,225,C,4280,3960,4160,4480,4320,4840,4520,4880,4760,4520,4720,4600,4280,4360,3960,4640,4320,4560,4360,4360,4640,4600,25640,25800,,,,,,,,,,,,,,,,,,,,,,,,,,,,,,,,,,,,,,,,,,,,,,,,,,,,,,,,,,,,,,,,,,,,,,,,,,,,,,,,,,,,,,,,,,,
216,216,216,226,226,D,4120,4280,4360,4280,4600,4400,4520,4720,4800,4760,4680,4280,4520,4880,4480,4320,4320,4720,4040,4120,4360,4160,26760,27080,,,,,,,,,,,,,,,,,,,,,,,,,,,,,,,,,,,,,,,,,,,,,,,,,,,,,,,,,,,,,,,,,,,,,,,,,,,,,,,,,,,,,,,,,,,
217,217,217,227,227,E,4760,4760,4640,5160,5400,5320,5480,5040,5120,5160,5360,5320,4720,5520,5080,5160,5040,4800,4600,4560,5000,5000,28720,31160,,,,,,,,,,,,,,,,,,,,,,,,,,,,,,,,,,,,,,,,,,,,,,,,,,,,,,,,,,,,,,,,,,,,,,,,,,,,,,,,,,,,,,,,,,,
218,218,218,228,228,F,5040,4640,4960,4640,5040,5320,4960,4920,4680,5200,5000,5000,5200,5320,5400,4920,5280,5120,4960,4800,5000,4480,30760,30080,,,,,,,,,,,,,,,,,,,,,,,,,,,,,,,,,,,,,,,,,,,,,,,,,,,,,,,,,,,,,,,,,,,,,,,,,,,,,,,,,,,,,,,,,,,
219,219,219,229,229,G,4520,4120,4760,4840,4640,5280,5040,4920,4800,5080,5640,4640,4680,4880,5120,5120,4760,4760,4440,4360,4560,4280,29360,28200,,,,,,,,,,,,,,,,,,,,,,,,,,,,,,,,,,,,,,,,,,,,,,,,,,,,,,,,,,,,,,,,,,,,,,,,,,,,,,,,,,,,,,,,,,,
220,220,220,230,230,H,4720,4560,4720,4680,5360,4640,4640,4840,4840,5000,5000,4480,5280,5320,4120,4320,4680,4760,4680,4560,4000,4640,27920,29680,,,,,,,,,,,,,,,,,,,,,,,,,,,,,,,,,,,,,,,,,,,,,,,,,,,,,,,,,,,,,,,,,,,,,,,,,,,,,,,,,,,,,,,,,,,
221,221,221,231,231,I,4560,4360,4520,4400,4360,4920,4480,5400,5160,4720,4960,5160,4680,4840,4760,4760,4400,4880,4840,4520,4800,4080,27880,28040,,,,,,,,,,,,,,,,,,,,,,,,,,,,,,,,,,,,,,,,,,,,,,,,,,,,,,,,,,,,,,,,,,,,,,,,,,,,,,,,,,,,,,,,,,,
222,222,222,232,232,J,4480,4440,4280,4840,4680,5000,4400,5160,5000,4800,4720,4920,4520,4800,5000,5080,4560,4720,4560,4600,4680,4760,28520,31000,,,,,,,,,,,,,,,,,,,,,,,,,,,,,,,,,,,,,,,,,,,,,,,,,,,,,,,,,,,,,,,,,,,,,,,,,,,,,,,,,,,,,,,,,,,
223,223,223,233,233,K,4800,4560,4520,4480,5040,5240,4920,5280,5000,5120,5440,5160,85480,5080,4760,4680,4600,4640,4760,4480,4840,4560,27360,30080,,,,,,,,,,,,,,,,,,,,,,,,,,,,,,,,,,,,,,,,,,,,,,,,,,,,,,,,,,,,,,,,,,,,,,,,,,,,,,,,,,,,,,,,,,,
224,224,224,234,234,L,4600,4400,7680,4240,5000,5160,4600,4920,5000,4960,4960,4320,5600,5000,5080,4920,5000,4880,4680,4480,4480,4720,30480,30800,,,,,,,,,,,,,,,,,,,,,,,,,,,,,,,,,,,,,,,,,,,,,,,,,,,,,,,,,,,,,,,,,,,,,,,,,,,,,,,,,,,,,,,,,,,
225,225,225,235,235,M,5120,5320,4680,5360,4920,5120,4920,4920,5160,4960,4840,5320,4800,4880,4600,4640,5120,4560,4640,4640,5080,4600,30680,30800,,,,,,,,,,,,,,,,,,,,,,,,,,,,,,,,,,,,,,,,,,,,,,,,,,,,,,,,,,,,,,,,,,,,,,,,,,,,,,,,,,,,,,,,,,,
226,226,226,236,236,N,4680,4920,4960,4880,5120,5040,5080,5160,5000,5160,4920,4520,5440,4600,5120,4880,4720,5160,4720,4760,4480,4960,32800,31120,,,,,,,,,,,,,,,,,,,,,,,,,,,,,,,,,,,,,,,,,,,,,,,,,,,,,,,,,,,,,,,,,,,,,,,,,,,,,,,,,,,,,,,,,,,
227,227,227,237,237,O,5040,4800,5360,4880,4720,4600,4920,5160,4680,5800,5040,5080,5680,4880,4880,5200,4800,5160,4800,5200,4960,4840,29680,30200,,,,,,,,,,,,,,,,,,,,,,,,,,,,,,,,,,,,,,,,,,,,,,,,,,,,,,,,,,,,,,,,,,,,,,,,,,,,,,,,,,,,,,,,,,,
228,228,228,238,238,P,4600,4480,4280,4720,4880,4720,5400,4920,4960,4760,4920,4880,4880,5240,5040,4840,5400,4640,4360,4640,4720,4280,33680,31440,,,,,,,,,,,,,,,,,,,,,,,,,,,,,,,,,,,,,,,,,,,,,,,,,,,,,,,,,,,,,,,,,,,,,,,,,,,,,,,,,,,,,,,,,,,
229,229,229,239,239,Basic,assay,information,,,,,,,,,,,,,,,,,,,,,,,,,,,,,,,,,,,,,,,,,,,,,,,,,,,,,,,,,,,,,,,,,,,,,,,,,,,,,,,,,,,,,,,,,,,,,,,,,,,,,,,,,,,,,,,,,
230,230,230,240,240,Assay,ID,,,,,,540,,,,,,,,,,,,,,,,,,,,,,,,,,,,,,,,,,,,,,,,,,,,,,,,,,,,,,,,,,,,,,,,,,,,,,,,,,,,,,,,,,,,,,,,,,,,,,,,,,,,,,,,,,,,
231,231,231,241,241,Assay,Started,,,,,,3/22/2023,3,36,25,PM,,,,,,,,,,,,,,,,,,,,,,,,,,,,,,,,,,,,,,,,,,,,,,,,,,,,,,,,,,,,,,,,,,,,,,,,,,,,,,,,,,,,,,,,,,,,,,,,,,,,,,,,
232,232,232,242,242,Assay,Finished,,,,,,3/22/2023,3,44,45,PM,,,,,,,,,,,,,,,,,,,,,,,,,,,,,,,,,,,,,,,,,,,,,,,,,,,,,,,,,,,,,,,,,,,,,,,,,,,,,,,,,,,,,,,,,,,,,,,,,,,,,,,,
233,233,233,243,243,Assay,Exported,,,,,,3/23/2023,7,04,16,PM,,,,,,,,,,,,,,,,,,,,,,,,,,,,,,,,,,,,,,,,,,,,,,,,,,,,,,,,,,,,,,,,,,,,,,,,,,,,,,,,,,,,,,,,,,,,,,,,,,,,,,,,
234,234,234,244,244,Protocol,ID,,,,,,100135,,,,,,,,,,,,,,,,,,,,,,,,,,,,,,,,,,,,,,,,,,,,,,,,,,,,,,,,,,,,,,,,,,,,,,,,,,,,,,,,,,,,,,,,,,,,,,,,,,,,,,,,,,,,
235,235,235,245,245,Protocol,Name,,,,,,Klein,lab,BTG,,,,,,,,,,,,,,,,,,,,,,,,,,,,,,,,,,,,,,,,,,,,,,,,,,,,,,,,,,,,,,,,,,,,,,,,,,,,,,,,,,,,,,,,,,,,,,,,,,,,,,,,,,
236,236,236,246,246,Serial#,,,,,,,,,,,,,,,,,,,,,,,,,,,,,,,,,,,,,,,,,,,,,,,,,,,,,,,,,,,,,,,,,,,,,,,,,,,,,,,,,,,,,,,,,,,,,,,,,,,,,,,,,,,,,,,,,,,
237,237,237,247,247,Protocol,information,,,,,,,,,,,,,,,,,,,,,,,,,,,,,,,,,,,,,,,,,,,,,,,,,,,,,,,,,,,,,,,,,,,,,,,,,,,,,,,,,,,,,,,,,,,,,,,,,,,,,,,,,,,,,,,,,,
238,238,238,248,248,Protocol,,,,,,,,,,,,,,,,,,,,,,,,,,,,,,,,,,,,,,,,,,,,,,,,,,,,,,,,,,,,,,,,,,,,,,,,,,,,,,,,,,,,,,,,,,,,,,,,,,,,,,,,,,,,,,,,,,,
239,239,239,249,249,Protocol,name,,,,Klein,lab,BTG,,,,,,,,,,,,,,,,,,,,,,,,,,,,,,,,,,,,,,,,,,,,,,,,,,,,,,,,,,,,,,,,,,,,,,,,,,,,,,,,,,,,,,,,,,,,,,,,,,,,,,,,,,,,
240,240,240,250,250,Number,of,assay,repeats,,,,1,,,,,,,,,,,,,,,,,,,,,,,,,,,,,,,,,,,,,,,,,,,,,,,,,,,,,,,,,,,,,,,,,,,,,,,,,,,,,,,,,,,,,,,,,,,,,,,,,,,,,,,,,,,,
241,241,241,251,251,Start,assay,repeat,each,,,,,,,,,,,,,,,,,,,,,,,,,,,,,,,,,,,,,,,,,,,,,,,,,,,,,,,,,,,,,,,,,,,,,,,,,,,,,,,,,,,,,,,,,,,,,,,,,,,,,,,,,,,,,,,,
242,242,242,252,252,Number,of,plate,repeats,,,,1,,,,,,,,,,,,,,,,,,,,,,,,,,,,,,,,,,,,,,,,,,,,,,,,,,,,,,,,,,,,,,,,,,,,,,,,,,,,,,,,,,,,,,,,,,,,,,,,,,,,,,,,,,,,
243,243,243,253,253,Start,plate,repeat,each,,,,,,,,,,,,,,,,,,,,,,,,,,,,,,,,,,,,,,,,,,,,,,,,,,,,,,,,,,,,,,,,,,,,,,,,,,,,,,,,,,,,,,,,,,,,,,,,,,,,,,,,,,,,,,,,
244,244,244,254,254,Is,label,meas.,height,used,,,,Yes,,,,,,,,,,,,,,,,,,,,,,,,,,,,,,,,,,,,,,,,,,,,,,,,,,,,,,,,,,,,,,,,,,,,,,,,,,,,,,,,,,,,,,,,,,,,,,,,,,,,,,,,,,,
245,245,245,255,255,Height,of,measurement,,,,Defined,in,label,,,,,,,,,,,,,,,,,,,,,,,,,,,,,,,,,,,,,,,,,,,,,,,,,,,,,,,,,,,,,,,,,,,,,,,,,,,,,,,,,,,,,,,,,,,,,,,,,,,,,,,,,,,
246,246,246,256,256,Is,gripper,height,used,,,,No,,,,,,,,,,,,,,,,,,,,,,,,,,,,,,,,,,,,,,,,,,,,,,,,,,,,,,,,,,,,,,,,,,,,,,,,,,,,,,,,,,,,,,,,,,,,,,,,,,,,,,,,,,,,
247,247,247,257,257,Mode,of,measurement,,,,By,Rows,,bi-directional,,,,,,,,,,,,,,,,,,,,,,,,,,,,,,,,,,,,,,,,,,,,,,,,,,,,,,,,,,,,,,,,,,,,,,,,,,,,,,,,,,,,,,,,,,,,,,,,,,,,,,,,,,
248,248,248,258,258,Rotated,plate,,,,No,,,,,,,,,,,,,,,,,,,,,,,,,,,,,,,,,,,,,,,,,,,,,,,,,,,,,,,,,,,,,,,,,,,,,,,,,,,,,,,,,,,,,,,,,,,,,,,,,,,,,,,,,,,,,,
249,249,249,259,259,Soft,move,,,,No,,,,,,,,,,,,,,,,,,,,,,,,,,,,,,,,,,,,,,,,,,,,,,,,,,,,,,,,,,,,,,,,,,,,,,,,,,,,,,,,,,,,,,,,,,,,,,,,,,,,,,,,,,,,,,
250,250,250,260,260,Protocol,notes,,,,,,,,,,,,,,,,,,,,,,,,,,,,,,,,,,,,,,,,,,,,,,,,,,,,,,,,,,,,,,,,,,,,,,,,,,,,,,,,,,,,,,,,,,,,,,,,,,,,,,,,,,,,,,,,,,
251,251,251,261,261,Plate,type,,,,,,,,,,,,,,,,,,,,,,,,,,,,,,,,,,,,,,,,,,,,,,,,,,,,,,,,,,,,,,,,,,,,,,,,,,,,,,,,,,,,,,,,,,,,,,,,,,,,,,,,,,,,,,,,,,
252,252,252,262,262,Name,of,the,plate,type,,,,384,Nunc,Maxisorp,460372,,,,,,,,,,,,,,,,,,,,,,,,,,,,,,,,,,,,,,,,,,,,,,,,,,,,,,,,,,,,,,,,,,,,,,,,,,,,,,,,,,,,,,,,,,,,,,,,,,,,,,,,
253,253,253,263,263,Number,of,rows,,,,16,,,,,,,,,,,,,,,,,,,,,,,,,,,,,,,,,,,,,,,,,,,,,,,,,,,,,,,,,,,,,,,,,,,,,,,,,,,,,,,,,,,,,,,,,,,,,,,,,,,,,,,,,,,,,
254,254,254,264,264,Number,of,columns,,,,24,,,,,,,,,,,,,,,,,,,,,,,,,,,,,,,,,,,,,,,,,,,,,,,,,,,,,,,,,,,,,,,,,,,,,,,,,,,,,,,,,,,,,,,,,,,,,,,,,,,,,,,,,,,,,
255,255,255,265,265,Number,of,the,wells,in,the,plate,,,,384,,,,,,,,,,,,,,,,,,,,,,,,,,,,,,,,,,,,,,,,,,,,,,,,,,,,,,,,,,,,,,,,,,,,,,,,,,,,,,,,,,,,,,,,,,,,,,,,,,,,,,,,,
256,256,256,266,266,Height,of,the,plate,,,,14.4,mm,,,,,,,,,,,,,,,,,,,,,,,,,,,,,,,,,,,,,,,,,,,,,,,,,,,,,,,,,,,,,,,,,,,,,,,,,,,,,,,,,,,,,,,,,,,,,,,,,,,,,,,,,,,
257,257,257,267,267,Coordinates,of,corners,,,,,,,,,,,,,,,,,,,,,,,,,,,,,,,,,,,,,,,,,,,,,,,,,,,,,,,,,,,,,,,,,,,,,,,,,,,,,,,,,,,,,,,,,,,,,,,,,,,,,,,,,,,,,,,,,
258,258,258,268,268,384,Nunc,Maxisorp,460372,+,Jez,US,LUM,384,(cps),,,,,,,,,,,,,,,,,,,,,,,,,,,,,,,,,,,,,,,,,,,,,,,,,,,,,,,,,,,,,,,,,,,,,,,,,,,,,,,,,,,,,,,,,,,,,,,,,,,,,,,,,,
259,259,259,269,269,11.88,mm,x------------------------------------------------------,x,115.3,mm,,,,,,,,,,,,,,,,,,,,,,,,,,,,,,,,,,,,,,,,,,,,,,,,,,,,,,,,,,,,,,,,,,,,,,,,,,,,,,,,,,,,,,,,,,,,,,,,,,,,,,,,,,,,,,
260,260,260,271,271,11.83,mm,x------------------------------------------------------,x,115.43,mm,,,,,,,,,,,,,,,,,,,,,,,,,,,,,,,,,,,,,,,,,,,,,,,,,,,,,,,,,,,,,,,,,,,,,,,,,,,,,,,,,,,,,,,,,,,,,,,,,,,,,,,,,,,,,,
261,261,261,273,273,Platemap,,,,,,,,,,,,,,,,,,,,,,,,,,,,,,,,,,,,,,,,,,,,,,,,,,,,,,,,,,,,,,,,,,,,,,,,,,,,,,,,,,,,,,,,,,,,,,,,,,,,,,,,,,,,,,,,,,,
262,262,262,274,274,Plate,,,,1,,,,,,,,,,,,,,,,,,,,,,,,,,,,,,,,,,,,,,,,,,,,,,,,,,,,,,,,,,,,,,,,,,,,,,,,,,,,,,,,,,,,,,,,,,,,,,,,,,,,,,,,,,,,,,,
263,263,263,275,275,Group,,,,1,,,,,,,,,,,,,,,,,,,,,,,,,,,,,,,,,,,,,,,,,,,,,,,,,,,,,,,,,,,,,,,,,,,,,,,,,,,,,,,,,,,,,,,,,,,,,,,,,,,,,,,,,,,,,,,
264,264,264,276,276,,01,02,03,04,05,06,07,08,09,10,11,12,13,14,15,16,17,18,19,20,21,22,23,24,,,,,,,,,,,,,,,,,,,,,,,,,,,,,,,,,,,,,,,,,,,,,,,,,,,,,,,,,,,,,,,,,,,,,,,,,,,,,,,,,,,,,,,,,,,
265,265,265,293,293,ZL,-,Z,Low,,,,,,,,,,,,,,,,,,,,,,,,,,,,,,,,,,,,,,,,,,,,,,,,,,,,,,,,,,,,,,,,,,,,,,,,,,,,,,,,,,,,,,,,,,,,,,,,,,,,,,,,,,,,,,,,
266,266,266,294,294,-,-,Undefined,,,,,,,,,,,,,,,,,,,,,,,,,,,,,,,,,,,,,,,,,,,,,,,,,,,,,,,,,,,,,,,,,,,,,,,,,,,,,,,,,,,,,,,,,,,,,,,,,,,,,,,,,,,,,,,,,
267,267,267,295,295,ZH,-,Z,High,,,,,,,,,,,,,,,,,,,,,,,,,,,,,,,,,,,,,,,,,,,,,,,,,,,,,,,,,,,,,,,,,,,,,,,,,,,,,,,,,,,,,,,,,,,,,,,,,,,,,,,,,,,,,,,,
268,268,268,296,296,Calculations,,,,,,,,,,,,,,,,,,,,,,,,,,,,,,,,,,,,,,,,,,,,,,,,,,,,,,,,,,,,,,,,,,,,,,,,,,,,,,,,,,,,,,,,,,,,,,,,,,,,,,,,,,,,,,,,,,,
269,269,269,297,297,Plate,,,,1,,,,,,,,,,,,,,,,,,,,,,,,,,,,,,,,,,,,,,,,,,,,,,,,,,,,,,,,,,,,,,,,,,,,,,,,,,,,,,,,,,,,,,,,,,,,,,,,,,,,,,,,,,,,,,,
270,270,270,298,298,Formula,index,,,,Calc,1,,,,,,,,,,,,,,,,,,,,,,,,,,,,,,,,,,,,,,,,,,,,,,,,,,,,,,,,,,,,,,,,,,,,,,,,,,,,,,,,,,,,,,,,,,,,,,,,,,,,,,,,,,,,,
271,271,271,299,299,Formula,name,,,,Z',,,,,,,,,,,,,,,,,,,,,,,,,,,,,,,,,,,,,,,,,,,,,,,,,,,,,,,,,,,,,,,,,,,,,,,,,,,,,,,,,,,,,,,,,,,,,,,,,,,,,,,,,,,,,,
272,272,272,301,301,Auto,export,parameters,,,,,,,,,,,,,,,,,,,,,,,,,,,,,,,,,,,,,,,,,,,,,,,,,,,,,,,,,,,,,,,,,,,,,,,,,,,,,,,,,,,,,,,,,,,,,,,,,,,,,,,,,,,,,,,,,
273,273,273,302,302,Export,format,,,,Plate2,,,,,,,,,,,,,,,,,,,,,,,,,,,,,,,,,,,,,,,,,,,,,,,,,,,,,,,,,,,,,,,,,,,,,,,,,,,,,,,,,,,,,,,,,,,,,,,,,,,,,,,,,,,,,,
274,274,274,303,303,Include,basic,assay,information,,,,Yes,,,,,,,,,,,,,,,,,,,,,,,,,,,,,,,,,,,,,,,,,,,,,,,,,,,,,,,,,,,,,,,,,,,,,,,,,,,,,,,,,,,,,,,,,,,,,,,,,,,,,,,,,,,,
275,275,275,304,304,Place,assay,information,at,,,,End,of,file,,,,,,,,,,,,,,,,,,,,,,,,,,,,,,,,,,,,,,,,,,,,,,,,,,,,,,,,,,,,,,,,,,,,,,,,,,,,,,,,,,,,,,,,,,,,,,,,,,,,,,,,,,
276,276,276,305,305,Include,basic,plate,information,,,,Yes,,,,,,,,,,,,,,,,,,,,,,,,,,,,,,,,,,,,,,,,,,,,,,,,,,,,,,,,,,,,,,,,,,,,,,,,,,,,,,,,,,,,,,,,,,,,,,,,,,,,,,,,,,,,
277,277,277,306,306,Place,plate,information,at,,,,Beginning,of,plate,,,,,,,,,,,,,,,,,,,,,,,,,,,,,,,,,,,,,,,,,,,,,,,,,,,,,,,,,,,,,,,,,,,,,,,,,,,,,,,,,,,,,,,,,,,,,,,,,,,,,,,,,,
278,278,278,307,307,Include,protocol,information,,,,Yes,,,,,,,,,,,,,,,,,,,,,,,,,,,,,,,,,,,,,,,,,,,,,,,,,,,,,,,,,,,,,,,,,,,,,,,,,,,,,,,,,,,,,,,,,,,,,,,,,,,,,,,,,,,,,
279,279,279,308,308,Protocol,info,level,,,,Large,,,,,,,,,,,,,,,,,,,,,,,,,,,,,,,,,,,,,,,,,,,,,,,,,,,,,,,,,,,,,,,,,,,,,,,,,,,,,,,,,,,,,,,,,,,,,,,,,,,,,,,,,,,,,
280,280,280,309,309,Include,error,and,warning,information,,,,Yes,,,,,,,,,,,,,,,,,,,,,,,,,,,,,,,,,,,,,,,,,,,,,,,,,,,,,,,,,,,,,,,,,,,,,,,,,,,,,,,,,,,,,,,,,,,,,,,,,,,,,,,,,,,
281,281,281,310,310,Include,background,information,,,,Yes,,,,,,,,,,,,,,,,,,,,,,,,,,,,,,,,,,,,,,,,,,,,,,,,,,,,,,,,,,,,,,,,,,,,,,,,,,,,,,,,,,,,,,,,,,,,,,,,,,,,,,,,,,,,,
282,282,282,311,311,Add,plate,number,to,the,file,name,,,,Yes,,,,,,,,,,,,,,,,,,,,,,,,,,,,,,,,,,,,,,,,,,,,,,,,,,,,,,,,,,,,,,,,,,,,,,,,,,,,,,,,,,,,,,,,,,,,,,,,,,,,,,,,,
283,283,283,312,312,Each,plate,to,separate,file,,,,No,,,,,,,,,,,,,,,,,,,,,,,,,,,,,,,,,,,,,,,,,,,,,,,,,,,,,,,,,,,,,,,,,,,,,,,,,,,,,,,,,,,,,,,,,,,,,,,,,,,,,,,,,,,
284,284,284,313,313,Field,separator,to,use,,,,System,,,,,,,,,,,,,,,,,,,,,,,,,,,,,,,,,,,,,,,,,,,,,,,,,,,,,,,,,,,,,,,,,,,,,,,,,,,,,,,,,,,,,,,,,,,,,,,,,,,,,,,,,,,,
285,285,285,314,314,File,name,format,,,,<DefaultDataFolder>\<Date>\<ProtocolName>,<AssayID>.csv,,,,,,,,,,,,,,,,,,,,,,,,,,,,,,,,,,,,,,,,,,,,,,,,,,,,,,,,,,,,,,,,,,,,,,,,,,,,,,,,,,,,,,,,,,,,,,,,,,,,,,,,,,,,
286,286,286,315,315,Operations,,,,,,,,,,,,,,,,,,,,,,,,,,,,,,,,,,,,,,,,,,,,,,,,,,,,,,,,,,,,,,,,,,,,,,,,,,,,,,,,,,,,,,,,,,,,,,,,,,,,,,,,,,,,,,,,,,,
287,287,287,316,316,Plate,1,,,,,,,,,,,,,,,,,,,,,,,,,,,,,,,,,,,,,,,,,,,,,,,,,,,,,,,,,,,,,,,,,,,,,,,,,,,,,,,,,,,,,,,,,,,,,,,,,,,,,,,,,,,,,,,,,,
288,288,288,317,317,Group,1,,,,,,,,,,,,,,,,,,,,,,,,,,,,,,,,,,,,,,,,,,,,,,,,,,,,,,,,,,,,,,,,,,,,,,,,,,,,,,,,,,,,,,,,,,,,,,,,,,,,,,,,,,,,,,,,,,
289,289,289,318,318,Measurement,,,,,,,,,,,,,,,,,,,,,,,,,,,,,,,,,,,,,,,,,,,,,,,,,,,,,,,,,,,,,,,,,,,,,,,,,,,,,,,,,,,,,,,,,,,,,,,,,,,,,,,,,,,,,,,,,,,
290,290,290,319,319,Label,,,,Jez,US,LUM,384,(cps)(1),,,,,,,,,,,,,,,,,,,,,,,,,,,,,,,,,,,,,,,,,,,,,,,,,,,,,,,,,,,,,,,,,,,,,,,,,,,,,,,,,,,,,,,,,,,,,,,,,,,,,,,,,,,
291,291,291,320,320,Labels,,,,,,,,,,,,,,,,,,,,,,,,,,,,,,,,,,,,,,,,,,,,,,,,,,,,,,,,,,,,,,,,,,,,,,,,,,,,,,,,,,,,,,,,,,,,,,,,,,,,,,,,,,,,,,,,,,,
292,292,292,321,321,Jez,US,LUM,384,(cps),,,,7000006,,,,,,,,,,,,,,,,,,,,,,,,,,,,,,,,,,,,,,,,,,,,,,,,,,,,,,,,,,,,,,,,,,,,,,,,,,,,,,,,,,,,,,,,,,,,,,,,,,,,,,,,,,,
293,293,293,322,322,Measurement,height,,,,0,mm,,,,,,,,,,,,,,,,,,,,,,,,,,,,,,,,,,,,,,,,,,,,,,,,,,,,,,,,,,,,,,,,,,,,,,,,,,,,,,,,,,,,,,,,,,,,,,,,,,,,,,,,,,,,,
294,294,294,323,323,Measurement,time,,,,0.1,s,,,,,,,,,,,,,,,,,,,,,,,,,,,,,,,,,,,,,,,,,,,,,,,,,,,,,,,,,,,,,,,,,,,,,,,,,,,,,,,,,,,,,,,,,,,,,,,,,,,,,,,,,,,,,
295,295,295,324,324,CT,,,,0,,,,,,,,,,,,,,,,,,,,,,,,,,,,,,,,,,,,,,,,,,,,,,,,,,,,,,,,,,,,,,,,,,,,,,,,,,,,,,,,,,,,,,,,,,,,,,,,,,,,,,,,,,,,,,,
296,296,296,325,325,Aperture,,,,384,Plate,US,Luminescence,aperture,,,,,,,,,,,,,,,,,,,,,,,,,,,,,,,,,,,,,,,,,,,,,,,,,,,,,,,,,,,,,,,,,,,,,,,,,,,,,,,,,,,,,,,,,,,,,,,,,,,,,,,,,,,
297,297,297,326,326,Last,edited,,,,3/2/2023,11,21,54,AM,,,,,,,,,,,,,,,,,,,,,,,,,,,,,,,,,,,,,,,,,,,,,,,,,,,,,,,,,,,,,,,,,,,,,,,,,,,,,,,,,,,,,,,,,,,,,,,,,,,,,,,,,,
298,298,298,327,327,Last,edited,by,,,,EnVision,,,,,,,,,,,,,,,,,,,,,,,,,,,,,,,,,,,,,,,,,,,,,,,,,,,,,,,,,,,,,,,,,,,,,,,,,,,,,,,,,,,,,,,,,,,,,,,,,,,,,,,,,,,,,
299,299,299,328,328,Factory,preset,,,,No,,,,,,,,,,,,,,,,,,,,,,,,,,,,,,,,,,,,,,,,,,,,,,,,,,,,,,,,,,,,,,,,,,,,,,,,,,,,,,,,,,,,,,,,,,,,,,,,,,,,,,,,,,,,,,
300,300,300,329,329,Aperture,,,,,,,,,,,,,,,,,,,,,,,,,,,,,,,,,,,,,,,,,,,,,,,,,,,,,,,,,,,,,,,,,,,,,,,,,,,,,,,,,,,,,,,,,,,,,,,,,,,,,,,,,,,,,,,,,,,
301,301,301,330,330,384,Plate,US,Luminescence,aperture,,,,9,,,,,,,,,,,,,,,,,,,,,,,,,,,,,,,,,,,,,,,,,,,,,,,,,,,,,,,,,,,,,,,,,,,,,,,,,,,,,,,,,,,,,,,,,,,,,,,,,,,,,,,,,,,
302,302,302,331,331,Height,,,,4.2,mm,,,,,,,,,,,,,,,,,,,,,,,,,,,,,,,,,,,,,,,,,,,,,,,,,,,,,,,,,,,,,,,,,,,,,,,,,,,,,,,,,,,,,,,,,,,,,,,,,,,,,,,,,,,,,,
303,303,303,332,332,Diameter,,,,3.7,mm,,,,,,,,,,,,,,,,,,,,,,,,,,,,,,,,,,,,,,,,,,,,,,,,,,,,,,,,,,,,,,,,,,,,,,,,,,,,,,,,,,,,,,,,,,,,,,,,,,,,,,,,,,,,,,
304,304,304,333,333,Description,,,,Can,also,be,used,in,96,plate,,,,,,,,,,,,,,,,,,,,,,,,,,,,,,,,,,,,,,,,,,,,,,,,,,,,,,,,,,,,,,,,,,,,,,,,,,,,,,,,,,,,,,,,,,,,,,,,,,,,,,,,,
305,305,305,334,334,Last,edited,,,,3/9/2022,5,22,33,PM,,,,,,,,,,,,,,,,,,,,,,,,,,,,,,,,,,,,,,,,,,,,,,,,,,,,,,,,,,,,,,,,,,,,,,,,,,,,,,,,,,,,,,,,,,,,,,,,,,,,,,,,,,
306,306,306,335,335,Last,edited,by,,,,Installation,,,,,,,,,,,,,,,,,,,,,,,,,,,,,,,,,,,,,,,,,,,,,,,,,,,,,,,,,,,,,,,,,,,,,,,,,,,,,,,,,,,,,,,,,,,,,,,,,,,,,,,,,,,,,
307,307,307,336,336,Factory,preset,,,,Yes,,,,,,,,,,,,,,,,,,,,,,,,,,,,,,,,,,,,,,,,,,,,,,,,,,,,,,,,,,,,,,,,,,,,,,,,,,,,,,,,,,,,,,,,,,,,,,,,,,,,,,,,,,,,,,
308,308,308,337,337,Instrument,,,,,,,,,,,,,,,,,,,,,,,,,,,,,,,,,,,,,,,,,,,,,,,,,,,,,,,,,,,,,,,,,,,,,,,,,,,,,,,,,,,,,,,,,,,,,,,,,,,,,,,,,,,,,,,,,,,
309,309,309,338,338,Serial,number,,,,1051054,,,,,,,,,,,,,,,,,,,,,,,,,,,,,,,,,,,,,,,,,,,,,,,,,,,,,,,,,,,,,,,,,,,,,,,,,,,,,,,,,,,,,,,,,,,,,,,,,,,,,,,,,,,,,,
310,310,310,339,339,Nickname,,,,EnVision#Alpha,680nm,,,,,,,,,,,,,,,,,,,,,,,,,,,,,,,,,,,,,,,,,,,,,,,,,,,,,,,,,,,,,,,,,,,,,,,,,,,,,,,,,,,,,,,,,,,,,,,,,,,,,,,,,,,,,,
311,311,311,340,340,Normalization,,,,,,,,,,,,,,,,,,,,,,,,,,,,,,,,,,,,,,,,,,,,,,,,,,,,,,,,,,,,,,,,,,,,,,,,,,,,,,,,,,,,,,,,,,,,,,,,,,,,,,,,,,,,,,,,,,,
312,312,312,341,341,Assay,notifications,,,,,,,,,,,,,,,,,,,,,,,,,,,,,,,,,,,,,,,,,,,,,,,,,,,,,,,,,,,,,,,,,,,,,,,,,,,,,,,,,,,,,,,,,,,,,,,,,,,,,,,,,,,,,,,,,,
313,313,313,342,342,WARNING,,Warning,while,loading,plate.,Stacker,out,of,plates.,Plate,5,Plate,Repeat,1,Well,P01,,,,,,,,,,,,,,,,,,,,,,,,,,,,,,,,,,,,,,,,,,,,,,,,,,,,,,,,,,,,,,,,,,,,,,,,,,,,,,,,,,,,,,,,,,,,,,,,,,,
314,314,314,343,343,Exported,with,EnVision,Workstation,version,1.14.3049.1193,,,,,,,,,,,,,,,,,,,,,,,,,,,,,,,,,,,,,,,,,,,,,,,,,,,,,,,,,,,,,,,,,,,,,,,,,,,,,,,,,,,,,,,,,,,,,,,,,,,,,,,,,,,,,,
