,Unnamed: 0.1,Unnamed: 0,Unnamed: 1,Unnamed: 2,Unnamed: 3,Unnamed: 4,Unnamed: 5,Unnamed: 6,Unnamed: 7,Unnamed: 8,Unnamed: 9,Unnamed: 10,Unnamed: 11,Unnamed: 12,Unnamed: 13,Unnamed: 14,Unnamed: 15,Plate,information,Unnamed,Unnamed: 19,2,Unnamed.1,Unnamed: 22,3,Unnamed.2,Unnamed: 25,4,Unnamed.3,Unnamed: 28,5,Unnamed.4,Unnamed: 31,6,Unnamed.5,Unnamed: 34,7,Unnamed.6,Unnamed: 37,8,Unnamed.7,Unnamed: 40,9,Unnamed.8,Unnamed: 43,10,Unnamed.9,Unnamed: 46,11,Unnamed.10,Unnamed: 49,12,Unnamed.11,Unnamed: 52,13,Unnamed.12,Unnamed: 55,14,Unnamed.13,Unnamed: 58,15,Unnamed.14,Unnamed: 61,16,Unnamed.15,Unnamed: 64,17,Unnamed.16,Unnamed: 67,18,Unnamed.17,Unnamed: 70,19,Unnamed.18,Unnamed: 73,20,Unnamed.19,Unnamed: 76,21,Unnamed.20,Unnamed: 79,22,Unnamed.21,Unnamed: 82,23,Unnamed.22,Unnamed: 85,24,Unnamed.23,Unnamed: 88,25,Unnamed.24,Unnamed: 91,26
0,0,Plate,Repeat,Barcode,Measured,height,Chamber,temperature,at,start,Chamber,temperature,at,end,Humidity,at,start,Humidity,at,end,Ambient,temperature,at,start,Ambient,temperature,at,end,Group,Label,ScanX,ScanY,Measinfo,Kinetics,Measurement,date,,,,,,,,,,,,,,,,,,,,,,,,,,,,,,,,,,,,,,,,,,,,,,,,,,,,,,,,,,
1,1,1,1,,14.51,21.88,22,45,45.5,22.36,22.19,1,Pingping,US,LUM,384,(cps)(1),0,0,De=USLum,Ex=N/A,Em=N/A,Wdw=N/A,(12),0,9/7/2023,1,36,51,PM,,,,,,,,,,,,,,,,,,,,,,,,,,,,,,,,,,,,,,,,,,,,,,,,,,,,,,,,,,,,,,,,
2,2,,,,,,,,,,,,,,,,,,,,,,,,,,,,,,,,,,,,,,,,,,,,,,,,,,,,,,,,,,,,,,,,,,,,,,,,,,,,,,,,,,,,,,,,,,,,,
3,3,Background,information,,,,,,,,,,,,,,,,,,,,,,,,,,,,,,,,,,,,,,,,,,,,,,,,,,,,,,,,,,,,,,,,,,,,,,,,,,,,,,,,,,,,,,,,,,,
4,4,Plate,Label,Result,Signal,Flashes/Time,Meastime,MeasInfo,,,,,,,,,,,,,,,,,,,,,,,,,,,,,,,,,,,,,,,,,,,,,,,,,,,,,,,,,,,,,,,,,,,,,,,,,,,,,,,,,,,,,,
5,5,1,Pingping,US,LUM,384,(cps),0,68,0.1,00,00,00.000,De=USLum,Ex=N/A,Em=N/A,Wdw=N/A,(12),,,,,,,,,,,,,,,,,,,,,,,,,,,,,,,,,,,,,,,,,,,,,,,,,,,,,,,,,,,,,,,,,,,,,,,,,,,,
6,6,,,,,,,,,,,,,,,,,,,,,,,,,,,,,,,,,,,,,,,,,,,,,,,,,,,,,,,,,,,,,,,,,,,,,,,,,,,,,,,,,,,,,,,,,,,,,
7,7,A,0.1398610114679241,0.07775319132117674,-0.05089872183994281,0.21416858200063982,-0.3869463915625226,-0.004317856729882321,0.10104362387620698,0.1631514440229545,-0.06531660865972345,-0.06864381331044217,-0.05422592649066153,0.1088071013945505,-0.24498565979852854,-0.27936677452262076,0.024517916909678965,0.7942112594425842,0.09438921457476986,-0.15515113422912602,-0.3337111171510248,-0.26494888770284014,-0.1518239295784074,-0.215040817942061,-0.8571913155307529,4.714767406206014,,,,,,,,,,,,,,,,,,,,,,,,,,,,,,,,,,,,,,,,,,,,,,,,,,,,,,,,,,,,,,,,,,,,
8,8,B,0.07886225953808297,-0.06198940400900489,0.22082299130207708,-0.11411561020359642,-0.09304331408237866,-0.019844811766569204,-0.05977126757519241,-0.2305677729787479,0.002336552571554961,-0.08971610943165993,-0.6653225140059797,-0.08749797299784762,-0.11522467842050266,-0.4279819155880521,-0.11300654198669019,-0.4989622814700491,-0.1252062923726585,-0.22502243189421683,-0.20284106755609277,-0.44461793884164513,-0.3292748442834,-0.2727123652211836,-0.8527550426631281,4.5251167411150535,,,,,,,,,,,,,,,,,,,,,,,,,,,,,,,,,,,,,,,,,,,,,,,,,,,,,,,,,,,,,,,,,,,,
9,9,C,-0.016517607115850482,0.18866001301179708,0.13653380681720556,-0.7030308333807906,0.012318166523710802,0.07775319132117674,-0.055334994707567614,-0.015408538898944404,-0.07862542726259801,-0.004317856729882321,0.015645371174429365,-0.503398554337674,-0.7407391527556015,-0.11078840555287786,-0.06642567687662969,-0.19618665825465556,-0.10635213268525306,-0.13296976989100187,-0.24942193266615334,-0.20173199933918654,-0.20173199933918654,-0.2893483884747766,-0.8549731790969406,4.9221631627674745,,,,,,,,,,,,,,,,,,,,,,,,,,,,,,,,,,,,,,,,,,,,,,,,,,,,,,,,,,,,,,,,,,,,
10,10,D,-0.11855188307122122,-0.07973449547950409,-0.39803707373158465,-0.04978965362303673,-0.13740604275862667,-0.2305677729787479,-0.05866219935828633,-0.1629146117474694,-0.20395013577299892,-0.11300654198669019,-0.10857026911906538,-0.32705670784958757,-0.08306170013022282,-0.08860704121475386,-0.14627858849387634,-0.22280429546040445,-0.27936677452262076,-0.26273075126902773,-0.2194770908096858,-0.2516400690999657,-0.23944031871399749,-0.27936677452262076,-0.8549731790969406,4.861164410837633,,,,,,,,,,,,,,,,,,,,,,,,,,,,,,,,,,,,,,,,,,,,,,,,,,,,,,,,,,,,,,,,,,,,
11,11,E,0.031172326211116246,0.020081644042054165,0.04115394016327209,-0.4135640287682715,-0.17622343035034388,-0.10524306446834682,-0.09969772338381579,-0.10191585981762827,-0.06531660865972345,-0.028717357501818808,-0.24276752336471613,-0.149605793144595,-0.15958740709675084,-0.1784415667841563,-0.2416584551478099,-0.07973449547950409,-0.18398690786868732,-0.19618665825465556,-0.39138266443014735,-0.2416584551478099,-0.22502243189421683,-0.3337111171510248,-0.8594094519645654,4.713658337989108,,,,,,,,,,,,,,,,,,,,,,,,,,,,,,,,,,,,,,,,,,,,,,,,,,,,,,,,,,,,,,,,,,,,
12,12,F,0.008990961872992082,0.12433405643123739,-0.04202617610469321,-0.08860704121475386,-0.23167684119565404,-0.13186070167409578,-0.5155983047236422,-0.334820185367931,-0.12631536058956475,-0.13962417919243916,-0.2416584551478099,-0.3470199357538993,-0.23167684119565404,-0.20949547685752998,-0.3070934799452759,-0.2993300024269325,-0.20173199933918654,-0.2416584551478099,-0.2660579559197464,-0.7529389031415699,-0.2904574566916829,-0.3314929807172124,-0.8594094519645654,4.851182796885477,,,,,,,,,,,,,,,,,,,,,,,,,,,,,,,,,,,,,,,,,,,,,,,,,,,,,,,,,,,,,,,,,,,,
13,13,G,0.20307789983157773,0.08108039597189545,2.832678642116187,0.09882548744239467,-0.07197101796116073,0.03228139442802249,0.003445620788461201,-0.03869897145397465,-0.03869897145397465,0.1465154207693614,1.9232427042530997,-0.06864381331044217,-0.06864381331044217,-0.09304331408237866,-0.1828778396517811,-0.33038391250030613,-0.3924917326470536,-0.27160329700427743,-0.23944031871399749,-0.24720379623234093,-0.27049422878737117,-0.3204022985481504,-0.8571913155307529,4.936581049587255,,,,,,,,,,,,,,,,,,,,,,,,,,,,,,,,,,,,,,,,,,,,,,,,,,,,,,,,,,,,,,,,,,,,
14,14,H,-0.10191585981762827,-0.024281084634194004,-0.06309847222591114,-0.05200779005684905,-0.14849672492768876,0.018972575825147924,-0.5899058752563578,-0.20062293112228036,0.018972575825147924,0.09328014635786362,-0.0752982226118793,-0.14295138384315778,-0.20173199933918654,-0.3159660256805255,-0.1817687714348749,-0.22280429546040445,-0.2106045450744362,-0.29489372955930765,-0.2815849109564333,-0.32372950319886895,-0.19618665825465556,-0.35256527683843025,-0.8527550426631281,4.8123654092937596,,,,,,,,,,,,,,,,,,,,,,,,,,,,,,,,,,,,,,,,,,,,,,,,,,,,,,,,,,,,,,,,,,,,
15,15,I,-0.030935493935631126,0.15760610293842348,0.09771641922548842,-0.20395013577299892,0.024517916909678965,-0.5277980551096104,-0.08638890478094138,0.06333530450139609,-0.057553131141380096,-0.034262698586349845,-0.37363757295964817,-0.5322343279772352,-0.10524306446834682,-0.149605793144595,-0.17289622569962523,-0.160696475313657,-0.11189747376978411,-0.14406045206006396,-0.14295138384315778,-0.2460947280154347,-0.2083864086406238,-0.25940354661830917,-0.8560822473138466,4.47631773957118,,,,,,,,,,,,,,,,,,,,,,,,,,,,,,,,,,,,,,,,,,,,,,,,,,,,,,,,,,,,,,,,,,,,
16,16,J,-0.017626675332756723,-0.08527983656403514,-0.11411561020359642,-0.14184231562625155,-0.3004390706438387,-0.07640729082878554,-0.2660579559197464,-0.8017379046854428,-0.15736927066293843,-0.4046914830330218,-0.1562602024460322,-0.26827609235355876,-0.11300654198669019,-0.2549672737506843,-0.13075163345718954,-0.2483128644492471,-0.2283496365449354,-0.23278590941256028,-0.3836191869118039,-0.2483128644492471,-0.24387659158162228,-0.41578216520208383,-0.8549731790969406,4.852291865102384,,,,,,,,,,,,,,,,,,,,,,,,,,,,,,,,,,,,,,,,,,,,,,,,,,,,,,,,,,,,,,,,,,,,
17,17,K,0.10215269209311321,-0.09526145051619098,-0.0752982226118793,-0.8061741775530676,-0.10967933733597163,-0.012081334248225682,-0.19064131717012453,-0.10635213268525306,-0.06531660865972345,-0.10857026911906538,-0.11966095128812747,-0.22058615902659204,-0.22169522724349822,-0.3314929807172124,-0.12298815593884603,-0.39360080086395977,-0.1562602024460322,-0.25718541018449675,-0.4235456427204273,-0.20395013577299892,-0.38916452799633494,-0.3692013000920233,-0.8549731790969406,4.490735626390961,,,,,,,,,,,,,,,,,,,,,,,,,,,,,,,,,,,,,,,,,,,,,,,,,,,,,,,,,,,,,,,,,,,,
18,18,L,-0.09526145051619098,-0.14295138384315778,-0.2416584551478099,-0.2460947280154347,-0.2815849109564333,-0.22724056832802925,-0.1451695202769702,-0.19064131717012453,2.6984813878705363,-0.25385820553377814,-0.46569023496286305,-0.3159660256805255,-0.2283496365449354,-0.22058615902659204,-0.16845995283200044,-0.8472097015785971,-0.22945870476184166,-0.6985945605131658,-0.27714863808880835,-0.32372950319886895,-0.2982209342100263,-0.11078840555287786,-0.8560822473138466,4.0493264760622925,,,,,,,,,,,,,,,,,,,,,,,,,,,,,,,,,,,,,,,,,,,,,,,,,,,,,,,,,,,,,,,,,,,,
19,19,M,-0.023172016417287764,0.04004487194636585,-0.30598441172836965,-0.08527983656403514,-0.016517607115850482,-0.6054328302930447,-0.026499221068006326,-0.07973449547950409,-0.03204456215253736,-0.6974854922962596,-0.3093116163790883,-0.17622343035034388,-0.08306170013022282,-0.11966095128812747,-0.11411561020359642,-0.12742442880647098,-0.2350040458463727,-0.17178715748271908,-0.4690174396135816,-0.2782577063057146,-0.3958189372977722,-0.28602118382405806,-0.862736656615284,4.067071567532792,,,,,,,,,,,,,,,,,,,,,,,,,,,,,,,,,,,,,,,,,,,,,,,,,,,,,,,,,,,,,,,,,,,,
20,20,N,0.03782673551255337,-0.09969772338381579,-0.03204456215253736,-0.47678091713192505,-0.22169522724349822,-0.4423998024078327,-0.22280429546040445,-0.22724056832802925,-0.14849672492768876,-0.19618665825465556,-0.20062293112228036,-0.3226204349819628,-0.25385820553377814,-0.13186070167409578,-0.5499794194477345,-0.6985945605131658,-0.19840479468846797,-0.21725895437587342,-0.3093116163790883,-0.33260204893411854,-0.25718541018449675,-0.3048753435114635,-0.8605185201814715,4.175760252789599,,,,,,,,,,,,,,,,,,,,,,,,,,,,,,,,,,,,,,,,,,,,,,,,,,,,,,,,,,,,,,,,,,,,
21,21,O,0.09771641922548842,-0.014299470682038164,-0.23611311406327884,-0.520034577591267,-0.7185577884174775,0.005663757222273521,0.2995668347024174,-0.1385151109755329,-0.5211436458081732,-0.149605793144595,-0.07640729082878554,-0.06420754044281737,-0.8339008829757226,-0.013190402465131923,-0.16624181639818802,-0.13518790632481434,-0.21836802259277965,-0.25940354661830917,-0.23611311406327884,-0.6464683543185742,-0.14627858849387634,-0.2283496365449354,-0.8583003837476592,4.048217407845386,,,,,,,,,,,,,,,,,,,,,,,,,,,,,,,,,,,,,,,,,,,,,,,,,,,,,,,,,,,,,,,,,,,,
22,22,P,0.18089653549345372,0.05224462233233401,-0.035371766803255926,-0.18398690786868732,-0.15515113422912602,-0.1252062923726585,-0.28269397917333944,-0.6364867403664184,-0.08306170013022282,-0.22169522724349822,-0.1862050443024997,-0.15847833887984458,-0.21171361329134236,-0.20284106755609277,-0.226131500111123,-0.28380304739024564,-0.20949547685752998,-0.46347209852905064,-0.38029198226108535,-0.3181841621143379,-0.226131500111123,-0.5078348272052987,-0.862736656615284,3.505883049778252,,,,,,,,,,,,,,,,,,,,,,,,,,,,,,,,,,,,,,,,,,,,,,,,,,,,,,,,,,,,,,,,,,,,
23,23,,,,,,,,,,,,,,,,,,,,,,,,,,,,,,,,,,,,,,,,,,,,,,,,,,,,,,,,,,,,,,,,,,,,,,,,,,,,,,,,,,,,,,,,,,,,,
24,24,,,,,,,,,,,,,,,,,,,,,,,,,,,,,,,,,,,,,,,,,,,,,,,,,,,,,,,,,,,,,,,,,,,,,,,,,,,,,,,,,,,,,,,,,,,,,
25,25,Basic,assay,information,,,,,,,,,,,,,,,,,,,,,,,,,,,,,,,,,,,,,,,,,,,,,,,,,,,,,,,,,,,,,,,,,,,,,,,,,,,,,,,,,,,,,,,,,,
26,26,Assay,ID,,,,,,3005,,,,,,,,,,,,,,,,,,,,,,,,,,,,,,,,,,,,,,,,,,,,,,,,,,,,,,,,,,,,,,,,,,,,,,,,,,,,,,,,,,,,,
27,27,Assay,Started,,,,,,9/7/2023,1,35,19,PM,,,,,,,,,,,,,,,,,,,,,,,,,,,,,,,,,,,,,,,,,,,,,,,,,,,,,,,,,,,,,,,,,,,,,,,,,,,,,,,,,
28,28,Assay,Finished,,,,,,9/7/2023,1,37,08,PM,,,,,,,,,,,,,,,,,,,,,,,,,,,,,,,,,,,,,,,,,,,,,,,,,,,,,,,,,,,,,,,,,,,,,,,,,,,,,,,,,
29,29,Assay,Exported,,,,,,9/7/2023,1,37,08,PM,,,,,,,,,,,,,,,,,,,,,,,,,,,,,,,,,,,,,,,,,,,,,,,,,,,,,,,,,,,,,,,,,,,,,,,,,,,,,,,,,
30,30,Protocol,ID,,,,,,100188,,,,,,,,,,,,,,,,,,,,,,,,,,,,,,,,,,,,,,,,,,,,,,,,,,,,,,,,,,,,,,,,,,,,,,,,,,,,,,,,,,,,,
31,31,Protocol,Name,,,,,,test,384,,,,,,,,,,,,,,,,,,,,,,,,,,,,,,,,,,,,,,,,,,,,,,,,,,,,,,,,,,,,,,,,,,,,,,,,,,,,,,,,,,,,
32,32,Serial#,,,,,,1040181,,,,,,,,,,,,,,,,,,,,,,,,,,,,,,,,,,,,,,,,,,,,,,,,,,,,,,,,,,,,,,,,,,,,,,,,,,,,,,,,,,,,,,
33,33,,,,,,,,,,,,,,,,,,,,,,,,,,,,,,,,,,,,,,,,,,,,,,,,,,,,,,,,,,,,,,,,,,,,,,,,,,,,,,,,,,,,,,,,,,,,,
34,34,,,,,,,,,,,,,,,,,,,,,,,,,,,,,,,,,,,,,,,,,,,,,,,,,,,,,,,,,,,,,,,,,,,,,,,,,,,,,,,,,,,,,,,,,,,,,
35,35,,,,,,,,,,,,,,,,,,,,,,,,,,,,,,,,,,,,,,,,,,,,,,,,,,,,,,,,,,,,,,,,,,,,,,,,,,,,,,,,,,,,,,,,,,,,,
36,36,Protocol,information,,,,,,,,,,,,,,,,,,,,,,,,,,,,,,,,,,,,,,,,,,,,,,,,,,,,,,,,,,,,,,,,,,,,,,,,,,,,,,,,,,,,,,,,,,,
37,37,Protocol,,,,,,,,,,,,,,,,,,,,,,,,,,,,,,,,,,,,,,,,,,,,,,,,,,,,,,,,,,,,,,,,,,,,,,,,,,,,,,,,,,,,,,,,,,,,
38,38,Protocol,name,,,,test,384,,,,,,,,,,,,,,,,,,,,,,,,,,,,,,,,,,,,,,,,,,,,,,,,,,,,,,,,,,,,,,,,,,,,,,,,,,,,,,,,,,,,,,
39,39,Number,of,assay,repeats,,,,1,,,,,,,,,,,,,,,,,,,,,,,,,,,,,,,,,,,,,,,,,,,,,,,,,,,,,,,,,,,,,,,,,,,,,,,,,,,,,,,,,,,,,
40,40,Start,assay,repeat,each,,,,,,,,,,,,,,,,,,,,,,,,,,,,,,,,,,,,,,,,,,,,,,,,,,,,,,,,,,,,,,,,,,,,,,,,,,,,,,,,,,,,,,,,,
41,41,Number,of,plate,repeats,,,,1,,,,,,,,,,,,,,,,,,,,,,,,,,,,,,,,,,,,,,,,,,,,,,,,,,,,,,,,,,,,,,,,,,,,,,,,,,,,,,,,,,,,,
42,42,Start,plate,repeat,each,,,,,,,,,,,,,,,,,,,,,,,,,,,,,,,,,,,,,,,,,,,,,,,,,,,,,,,,,,,,,,,,,,,,,,,,,,,,,,,,,,,,,,,,,
43,43,Is,label,meas.,height,used,,,,No,,,,,,,,,,,,,,,,,,,,,,,,,,,,,,,,,,,,,,,,,,,,,,,,,,,,,,,,,,,,,,,,,,,,,,,,,,,,,,,,,,,,
44,44,Height,of,measurement,,,,6.5,mm,,,,,,,,,,,,,,,,,,,,,,,,,,,,,,,,,,,,,,,,,,,,,,,,,,,,,,,,,,,,,,,,,,,,,,,,,,,,,,,,,,,,,
45,45,Is,gripper,height,used,,,,Yes,,,,,,,,,,,,,,,,,,,,,,,,,,,,,,,,,,,,,,,,,,,,,,,,,,,,,,,,,,,,,,,,,,,,,,,,,,,,,,,,,,,,,
46,46,Gripper,height,,,,0,,,,,,,,,,,,,,,,,,,,,,,,,,,,,,,,,,,,,,,,,,,,,,,,,,,,,,,,,,,,,,,,,,,,,,,,,,,,,,,,,,,,,,,
47,47,Mode,of,measurement,,,,By,Rows,,bi-directional,,,,,,,,,,,,,,,,,,,,,,,,,,,,,,,,,,,,,,,,,,,,,,,,,,,,,,,,,,,,,,,,,,,,,,,,,,,,,,,,,,,
48,48,Rotated,plate,,,,No,,,,,,,,,,,,,,,,,,,,,,,,,,,,,,,,,,,,,,,,,,,,,,,,,,,,,,,,,,,,,,,,,,,,,,,,,,,,,,,,,,,,,,,
49,49,Soft,move,,,,No,,,,,,,,,,,,,,,,,,,,,,,,,,,,,,,,,,,,,,,,,,,,,,,,,,,,,,,,,,,,,,,,,,,,,,,,,,,,,,,,,,,,,,,
50,50,Protocol,notes,,,,,,,,,,,,,,,,,,,,,,,,,,,,,,,,,,,,,,,,,,,,,,,,,,,,,,,,,,,,,,,,,,,,,,,,,,,,,,,,,,,,,,,,,,,
51,51,,,,,,,,,,,,,,,,,,,,,,,,,,,,,,,,,,,,,,,,,,,,,,,,,,,,,,,,,,,,,,,,,,,,,,,,,,,,,,,,,,,,,,,,,,,,,
52,52,Plate,type,,,,,,,,,,,,,,,,,,,,,,,,,,,,,,,,,,,,,,,,,,,,,,,,,,,,,,,,,,,,,,,,,,,,,,,,,,,,,,,,,,,,,,,,,,,
53,53,Name,of,the,plate,type,,,,384,Greiner,,,,,,,,,,,,,,,,,,,,,,,,,,,,,,,,,,,,,,,,,,,,,,,,,,,,,,,,,,,,,,,,,,,,,,,,,,,,,,,,,,,
54,54,Number,of,rows,,,,16,,,,,,,,,,,,,,,,,,,,,,,,,,,,,,,,,,,,,,,,,,,,,,,,,,,,,,,,,,,,,,,,,,,,,,,,,,,,,,,,,,,,,,
55,55,Number,of,columns,,,,24,,,,,,,,,,,,,,,,,,,,,,,,,,,,,,,,,,,,,,,,,,,,,,,,,,,,,,,,,,,,,,,,,,,,,,,,,,,,,,,,,,,,,,
56,56,Number,of,the,wells,in,the,plate,,,,384,,,,,,,,,,,,,,,,,,,,,,,,,,,,,,,,,,,,,,,,,,,,,,,,,,,,,,,,,,,,,,,,,,,,,,,,,,,,,,,,,,
57,57,Height,of,the,plate,,,,10.12,mm,,,,,,,,,,,,,,,,,,,,,,,,,,,,,,,,,,,,,,,,,,,,,,,,,,,,,,,,,,,,,,,,,,,,,,,,,,,,,,,,,,,,
58,58,,,,,,,,,,,,,,,,,,,,,,,,,,,,,,,,,,,,,,,,,,,,,,,,,,,,,,,,,,,,,,,,,,,,,,,,,,,,,,,,,,,,,,,,,,,,,
59,59,Coordinates,of,corners,,,,,,,,,,,,,,,,,,,,,,,,,,,,,,,,,,,,,,,,,,,,,,,,,,,,,,,,,,,,,,,,,,,,,,,,,,,,,,,,,,,,,,,,,,
60,60,384,Greiner,,,,,,,,,,,,,,,,,,,,,,,,,,,,,,,,,,,,,,,,,,,,,,,,,,,,,,,,,,,,,,,,,,,,,,,,,,,,,,,,,,,,,,,,,,,
61,61,12,mm,x---------------------------------------------------------,x,115.5,mm,,,,,,,,,,,,,,,,,,,,,,,,,,,,,,,,,,,,,,,,,,,,,,,,,,,,,,,,,,,,,,,,,,,,,,,,,,,,,,,,,,,,,,,
62,62,,,,,,,,,,,,,,,,,,,,,,,,,,,,,,,,,,,,,,,,,,,,,,,,,,,,,,,,,,,,,,,,,,,,,,,,,,,,,,,,,,,,,,,,,,,,,
63,63,12,mm,x---------------------------------------------------------,x,115.5,mm,,,,,,,,,,,,,,,,,,,,,,,,,,,,,,,,,,,,,,,,,,,,,,,,,,,,,,,,,,,,,,,,,,,,,,,,,,,,,,,,,,,,,,,
64,64,,,,,,,,,,,,,,,,,,,,,,,,,,,,,,,,,,,,,,,,,,,,,,,,,,,,,,,,,,,,,,,,,,,,,,,,,,,,,,,,,,,,,,,,,,,,,
65,65,Platemap,,,,,,,,,,,,,,,,,,,,,,,,,,,,,,,,,,,,,,,,,,,,,,,,,,,,,,,,,,,,,,,,,,,,,,,,,,,,,,,,,,,,,,,,,,,,
66,66,Plate,,,,1,,,,,,,,,,,,,,,,,,,,,,,,,,,,,,,,,,,,,,,,,,,,,,,,,,,,,,,,,,,,,,,,,,,,,,,,,,,,,,,,,,,,,,,,
67,67,Group,,,,1,,,,,,,,,,,,,,,,,,,,,,,,,,,,,,,,,,,,,,,,,,,,,,,,,,,,,,,,,,,,,,,,,,,,,,,,,,,,,,,,,,,,,,,,
68,68,,,,,,,,,,,,,,,,,,,,,,,,,,,,,,,,,,,,,,,,,,,,,,,,,,,,,,,,,,,,,,,,,,,,,,,,,,,,,,,,,,,,,,,,,,,,,
69,69,,1,2,3,4,5,6,7,8,9,10,11,12,13,14,15,16,17,18,19,20,21,22,23,24,,,,,,,,,,,,,,,,,,,,,,,,,,,,,,,,,,,,,,,,,,,,,,,,,,,,,,,,,,,,,,,,,,,,
70,70,A,UNK1,,,UNK17,,UNK33,,UNK49,,UNK65,,UNK81,,UNK97,,UNK113,UNK129,UNK145,UNK161,UNK177,UNK193,UNK209,UNK225,UNK241,UNK257,UNK273,UNK289,UNK305,UNK321,UNK337,UNK353,UNK369,,,,,,,,,,,,,,,,,,,,,,,,,,,,,,,,,,,,,,,,,,,,,,,,,,,,,,,,,,,,
71,71,B,UNK2,,,UNK18,,UNK34,,UNK50,,UNK66,,UNK82,,UNK98,,UNK114,UNK130,UNK146,UNK162,UNK178,UNK194,UNK210,UNK226,UNK242,UNK258,UNK274,UNK290,UNK306,UNK322,UNK338,UNK354,UNK370,,,,,,,,,,,,,,,,,,,,,,,,,,,,,,,,,,,,,,,,,,,,,,,,,,,,,,,,,,,,
72,72,C,UNK3,,,UNK19,,UNK35,,UNK51,,UNK67,,UNK83,,UNK99,,UNK115,UNK131,UNK147,UNK163,UNK179,UNK195,UNK211,UNK227,UNK243,UNK259,UNK275,UNK291,UNK307,UNK323,UNK339,UNK355,UNK371,,,,,,,,,,,,,,,,,,,,,,,,,,,,,,,,,,,,,,,,,,,,,,,,,,,,,,,,,,,,
73,73,D,UNK4,,,UNK20,,UNK36,,UNK52,,UNK68,,UNK84,,UNK100,UNK116,UNK132,UNK148,UNK164,UNK180,UNK196,UNK212,UNK228,UNK244,UNK260,UNK276,UNK292,UNK308,UNK324,UNK340,UNK356,UNK372,,,,,,,,,,,,,,,,,,,,,,,,,,,,,,,,,,,,,,,,,,,,,,,,,,,,,,,,,,,,,
74,74,E,UNK5,,,UNK21,,UNK37,,UNK53,,UNK69,,UNK85,,UNK101,UNK117,UNK133,UNK149,UNK165,UNK181,UNK197,UNK213,UNK229,UNK245,UNK261,UNK277,UNK293,UNK309,UNK325,UNK341,UNK357,UNK373,,,,,,,,,,,,,,,,,,,,,,,,,,,,,,,,,,,,,,,,,,,,,,,,,,,,,,,,,,,,,
75,75,F,UNK6,,,UNK22,,UNK38,,UNK54,,UNK70,,UNK86,,UNK102,UNK118,UNK134,UNK150,UNK166,UNK182,UNK198,UNK214,UNK230,UNK246,UNK262,UNK278,UNK294,UNK310,UNK326,UNK342,UNK358,UNK374,,,,,,,,,,,,,,,,,,,,,,,,,,,,,,,,,,,,,,,,,,,,,,,,,,,,,,,,,,,,,
76,76,G,UNK7,,,UNK23,,UNK39,,UNK55,,UNK71,,UNK87,,UNK103,UNK119,UNK135,UNK151,UNK167,UNK183,UNK199,UNK215,UNK231,UNK247,UNK263,UNK279,UNK295,UNK311,UNK327,UNK343,UNK359,UNK375,,,,,,,,,,,,,,,,,,,,,,,,,,,,,,,,,,,,,,,,,,,,,,,,,,,,,,,,,,,,,
77,77,H,UNK8,,,UNK24,,UNK40,,UNK56,,UNK72,,UNK88,,UNK104,UNK120,UNK136,UNK152,UNK168,UNK184,UNK200,UNK216,UNK232,UNK248,UNK264,UNK280,UNK296,UNK312,UNK328,UNK344,UNK360,UNK376,,,,,,,,,,,,,,,,,,,,,,,,,,,,,,,,,,,,,,,,,,,,,,,,,,,,,,,,,,,,,
78,78,I,UNK9,,,UNK25,,UNK41,,UNK57,,UNK73,,UNK89,,UNK105,UNK121,UNK137,UNK153,UNK169,UNK185,UNK201,UNK217,UNK233,UNK249,UNK265,UNK281,UNK297,UNK313,UNK329,UNK345,UNK361,UNK377,,,,,,,,,,,,,,,,,,,,,,,,,,,,,,,,,,,,,,,,,,,,,,,,,,,,,,,,,,,,,
79,79,J,UNK10,,UNK26,,UNK42,,UNK58,,UNK74,,UNK90,,UNK106,UNK122,UNK138,UNK154,UNK170,UNK186,UNK202,UNK218,UNK234,UNK250,UNK266,UNK282,UNK298,UNK314,UNK330,UNK346,UNK362,UNK378,,,,,,,,,,,,,,,,,,,,,,,,,,,,,,,,,,,,,,,,,,,,,,,,,,,,,,,,,,,,,,
80,80,K,UNK11,,UNK27,,UNK43,,UNK59,,UNK75,,UNK91,,UNK107,UNK123,UNK139,UNK155,UNK171,UNK187,UNK203,UNK219,UNK235,UNK251,UNK267,UNK283,UNK299,UNK315,UNK331,UNK347,UNK363,UNK379,,,,,,,,,,,,,,,,,,,,,,,,,,,,,,,,,,,,,,,,,,,,,,,,,,,,,,,,,,,,,,
81,81,L,UNK12,,UNK28,,UNK44,,UNK60,,UNK76,,UNK92,,UNK108,UNK124,UNK140,UNK156,UNK172,UNK188,UNK204,UNK220,UNK236,UNK252,UNK268,UNK284,UNK300,UNK316,UNK332,UNK348,UNK364,UNK380,,,,,,,,,,,,,,,,,,,,,,,,,,,,,,,,,,,,,,,,,,,,,,,,,,,,,,,,,,,,,,
82,82,M,UNK13,,UNK29,,UNK45,,UNK61,,UNK77,,UNK93,,UNK109,UNK125,UNK141,UNK157,UNK173,UNK189,UNK205,UNK221,UNK237,UNK253,UNK269,UNK285,UNK301,UNK317,UNK333,UNK349,UNK365,UNK381,,,,,,,,,,,,,,,,,,,,,,,,,,,,,,,,,,,,,,,,,,,,,,,,,,,,,,,,,,,,,,
83,83,N,UNK14,,UNK30,,UNK46,,UNK62,,UNK78,,UNK94,,UNK110,UNK126,UNK142,UNK158,UNK174,UNK190,UNK206,UNK222,UNK238,UNK254,UNK270,UNK286,UNK302,UNK318,UNK334,UNK350,UNK366,UNK382,,,,,,,,,,,,,,,,,,,,,,,,,,,,,,,,,,,,,,,,,,,,,,,,,,,,,,,,,,,,,,
84,84,O,UNK15,,UNK31,,UNK47,,UNK63,,UNK79,,UNK95,,UNK111,UNK127,UNK143,UNK159,UNK175,UNK191,UNK207,UNK223,UNK239,UNK255,UNK271,UNK287,UNK303,UNK319,UNK335,UNK351,UNK367,UNK383,,,,,,,,,,,,,,,,,,,,,,,,,,,,,,,,,,,,,,,,,,,,,,,,,,,,,,,,,,,,,,
85,85,P,UNK16,,UNK32,,UNK48,,UNK64,,UNK80,,UNK96,,UNK112,UNK128,UNK144,UNK160,UNK176,UNK192,UNK208,UNK224,UNK240,UNK256,UNK272,UNK288,UNK304,UNK320,UNK336,UNK352,UNK368,UNK384,,,,,,,,,,,,,,,,,,,,,,,,,,,,,,,,,,,,,,,,,,,,,,,,,,,,,,,,,,,,,,
86,86,,,,,,,,,,,,,,,,,,,,,,,,,,,,,,,,,,,,,,,,,,,,,,,,,,,,,,,,,,,,,,,,,,,,,,,,,,,,,,,,,,,,,,,,,,,,,
87,87,UNK,-,Unknown,,,,,,,,,,,,,,,,,,,,,,,,,,,,,,,,,,,,,,,,,,,,,,,,,,,,,,,,,,,,,,,,,,,,,,,,,,,,,,,,,,,,,,,,,,
88,88,,,,,,,,,,,,,,,,,,,,,,,,,,,,,,,,,,,,,,,,,,,,,,,,,,,,,,,,,,,,,,,,,,,,,,,,,,,,,,,,,,,,,,,,,,,,,
89,89,Calculations,,,,,,,,,,,,,,,,,,,,,,,,,,,,,,,,,,,,,,,,,,,,,,,,,,,,,,,,,,,,,,,,,,,,,,,,,,,,,,,,,,,,,,,,,,,,
90,90,No,calculations.,,,,,,,,,,,,,,,,,,,,,,,,,,,,,,,,,,,,,,,,,,,,,,,,,,,,,,,,,,,,,,,,,,,,,,,,,,,,,,,,,,,,,,,,,,,
91,91,,,,,,,,,,,,,,,,,,,,,,,,,,,,,,,,,,,,,,,,,,,,,,,,,,,,,,,,,,,,,,,,,,,,,,,,,,,,,,,,,,,,,,,,,,,,,
92,92,Auto,export,parameters,,,,,,,,,,,,,,,,,,,,,,,,,,,,,,,,,,,,,,,,,,,,,,,,,,,,,,,,,,,,,,,,,,,,,,,,,,,,,,,,,,,,,,,,,,
93,93,Export,format,,,,Plate,,,,,,,,,,,,,,,,,,,,,,,,,,,,,,,,,,,,,,,,,,,,,,,,,,,,,,,,,,,,,,,,,,,,,,,,,,,,,,,,,,,,,,,
94,94,Include,basic,assay,information,,,,Yes,,,,,,,,,,,,,,,,,,,,,,,,,,,,,,,,,,,,,,,,,,,,,,,,,,,,,,,,,,,,,,,,,,,,,,,,,,,,,,,,,,,,,
95,95,Place,assay,information,at,,,,End,of,file,,,,,,,,,,,,,,,,,,,,,,,,,,,,,,,,,,,,,,,,,,,,,,,,,,,,,,,,,,,,,,,,,,,,,,,,,,,,,,,,,,,
96,96,Include,basic,plate,information,,,,Yes,,,,,,,,,,,,,,,,,,,,,,,,,,,,,,,,,,,,,,,,,,,,,,,,,,,,,,,,,,,,,,,,,,,,,,,,,,,,,,,,,,,,,
97,97,Place,plate,information,at,,,,Beginning,of,plate,,,,,,,,,,,,,,,,,,,,,,,,,,,,,,,,,,,,,,,,,,,,,,,,,,,,,,,,,,,,,,,,,,,,,,,,,,,,,,,,,,,
98,98,Include,protocol,information,,,,Yes,,,,,,,,,,,,,,,,,,,,,,,,,,,,,,,,,,,,,,,,,,,,,,,,,,,,,,,,,,,,,,,,,,,,,,,,,,,,,,,,,,,,,,
99,99,Protocol,info,level,,,,Large,,,,,,,,,,,,,,,,,,,,,,,,,,,,,,,,,,,,,,,,,,,,,,,,,,,,,,,,,,,,,,,,,,,,,,,,,,,,,,,,,,,,,,
100,100,Include,error,and,warning,information,,,,Yes,,,,,,,,,,,,,,,,,,,,,,,,,,,,,,,,,,,,,,,,,,,,,,,,,,,,,,,,,,,,,,,,,,,,,,,,,,,,,,,,,,,,
101,101,Include,background,information,,,,Yes,,,,,,,,,,,,,,,,,,,,,,,,,,,,,,,,,,,,,,,,,,,,,,,,,,,,,,,,,,,,,,,,,,,,,,,,,,,,,,,,,,,,,,
102,102,Add,plate,number,to,the,file,name,,,,Yes,,,,,,,,,,,,,,,,,,,,,,,,,,,,,,,,,,,,,,,,,,,,,,,,,,,,,,,,,,,,,,,,,,,,,,,,,,,,,,,,,,
103,103,Each,plate,to,separate,file,,,,No,,,,,,,,,,,,,,,,,,,,,,,,,,,,,,,,,,,,,,,,,,,,,,,,,,,,,,,,,,,,,,,,,,,,,,,,,,,,,,,,,,,,
104,104,Field,separator,to,use,,,,System,,,,,,,,,,,,,,,,,,,,,,,,,,,,,,,,,,,,,,,,,,,,,,,,,,,,,,,,,,,,,,,,,,,,,,,,,,,,,,,,,,,,,
105,105,File,name,format,,,,C,\Users\HTSF,User\Desktop\1R.csv,,,,,,,,,,,,,,,,,,,,,,,,,,,,,,,,,,,,,,,,,,,,,,,,,,,,,,,,,,,,,,,,,,,,,,,,,,,,,,,,,,,,
106,106,,,,,,,,,,,,,,,,,,,,,,,,,,,,,,,,,,,,,,,,,,,,,,,,,,,,,,,,,,,,,,,,,,,,,,,,,,,,,,,,,,,,,,,,,,,,,
107,107,Operations,,,,,,,,,,,,,,,,,,,,,,,,,,,,,,,,,,,,,,,,,,,,,,,,,,,,,,,,,,,,,,,,,,,,,,,,,,,,,,,,,,,,,,,,,,,,
108,108,Plate,1,,,,,,,,,,,,,,,,,,,,,,,,,,,,,,,,,,,,,,,,,,,,,,,,,,,,,,,,,,,,,,,,,,,,,,,,,,,,,,,,,,,,,,,,,,,
109,109,Group,1,,,,,,,,,,,,,,,,,,,,,,,,,,,,,,,,,,,,,,,,,,,,,,,,,,,,,,,,,,,,,,,,,,,,,,,,,,,,,,,,,,,,,,,,,,,
110,110,Measurement,,,,,,,,,,,,,,,,,,,,,,,,,,,,,,,,,,,,,,,,,,,,,,,,,,,,,,,,,,,,,,,,,,,,,,,,,,,,,,,,,,,,,,,,,,,,
111,111,Label,,,,Pingping,US,LUM,384,(cps)(1),,,,,,,,,,,,,,,,,,,,,,,,,,,,,,,,,,,,,,,,,,,,,,,,,,,,,,,,,,,,,,,,,,,,,,,,,,,,,,,,,,,,
112,112,,,,,,,,,,,,,,,,,,,,,,,,,,,,,,,,,,,,,,,,,,,,,,,,,,,,,,,,,,,,,,,,,,,,,,,,,,,,,,,,,,,,,,,,,,,,,
113,113,Labels,,,,,,,,,,,,,,,,,,,,,,,,,,,,,,,,,,,,,,,,,,,,,,,,,,,,,,,,,,,,,,,,,,,,,,,,,,,,,,,,,,,,,,,,,,,,
114,114,Pingping,US,LUM,384,(cps),,,,7000023,,,,,,,,,,,,,,,,,,,,,,,,,,,,,,,,,,,,,,,,,,,,,,,,,,,,,,,,,,,,,,,,,,,,,,,,,,,,,,,,,,,,
115,115,Measurement,height,,,,0,mm,,,,,,,,,,,,,,,,,,,,,,,,,,,,,,,,,,,,,,,,,,,,,,,,,,,,,,,,,,,,,,,,,,,,,,,,,,,,,,,,,,,,,,
116,116,Measurement,time,,,,0.1,s,,,,,,,,,,,,,,,,,,,,,,,,,,,,,,,,,,,,,,,,,,,,,,,,,,,,,,,,,,,,,,,,,,,,,,,,,,,,,,,,,,,,,,
117,117,CT,,,,0,,,,,,,,,,,,,,,,,,,,,,,,,,,,,,,,,,,,,,,,,,,,,,,,,,,,,,,,,,,,,,,,,,,,,,,,,,,,,,,,,,,,,,,,
118,118,Aperture,,,,384,Plate,US,Luminescence,aperture,,,,,,,,,,,,,,,,,,,,,,,,,,,,,,,,,,,,,,,,,,,,,,,,,,,,,,,,,,,,,,,,,,,,,,,,,,,,,,,,,,,,
119,119,Last,edited,,,,5/17/2023,12,23,27,PM,,,,,,,,,,,,,,,,,,,,,,,,,,,,,,,,,,,,,,,,,,,,,,,,,,,,,,,,,,,,,,,,,,,,,,,,,,,,,,,,,,,
120,120,Last,edited,by,,,,EnVision,,,,,,,,,,,,,,,,,,,,,,,,,,,,,,,,,,,,,,,,,,,,,,,,,,,,,,,,,,,,,,,,,,,,,,,,,,,,,,,,,,,,,,
121,121,Factory,preset,,,,No,,,,,,,,,,,,,,,,,,,,,,,,,,,,,,,,,,,,,,,,,,,,,,,,,,,,,,,,,,,,,,,,,,,,,,,,,,,,,,,,,,,,,,,
122,122,,,,,,,,,,,,,,,,,,,,,,,,,,,,,,,,,,,,,,,,,,,,,,,,,,,,,,,,,,,,,,,,,,,,,,,,,,,,,,,,,,,,,,,,,,,,,
123,123,Aperture,,,,,,,,,,,,,,,,,,,,,,,,,,,,,,,,,,,,,,,,,,,,,,,,,,,,,,,,,,,,,,,,,,,,,,,,,,,,,,,,,,,,,,,,,,,,
124,124,384,Plate,US,Luminescence,aperture,,,,9,,,,,,,,,,,,,,,,,,,,,,,,,,,,,,,,,,,,,,,,,,,,,,,,,,,,,,,,,,,,,,,,,,,,,,,,,,,,,,,,,,,,
125,125,Height,,,,4.2,mm,,,,,,,,,,,,,,,,,,,,,,,,,,,,,,,,,,,,,,,,,,,,,,,,,,,,,,,,,,,,,,,,,,,,,,,,,,,,,,,,,,,,,,,
126,126,Diameter,,,,3.7,mm,,,,,,,,,,,,,,,,,,,,,,,,,,,,,,,,,,,,,,,,,,,,,,,,,,,,,,,,,,,,,,,,,,,,,,,,,,,,,,,,,,,,,,,
127,127,Description,,,,Can,also,be,used,in,96,plate,,,,,,,,,,,,,,,,,,,,,,,,,,,,,,,,,,,,,,,,,,,,,,,,,,,,,,,,,,,,,,,,,,,,,,,,,,,,,,,,,,
128,128,Last,edited,,,,1/28/2020,2,54,35,PM,,,,,,,,,,,,,,,,,,,,,,,,,,,,,,,,,,,,,,,,,,,,,,,,,,,,,,,,,,,,,,,,,,,,,,,,,,,,,,,,,,,
129,129,Last,edited,by,,,,Installation,,,,,,,,,,,,,,,,,,,,,,,,,,,,,,,,,,,,,,,,,,,,,,,,,,,,,,,,,,,,,,,,,,,,,,,,,,,,,,,,,,,,,,
130,130,Factory,preset,,,,Yes,,,,,,,,,,,,,,,,,,,,,,,,,,,,,,,,,,,,,,,,,,,,,,,,,,,,,,,,,,,,,,,,,,,,,,,,,,,,,,,,,,,,,,,
131,131,,,,,,,,,,,,,,,,,,,,,,,,,,,,,,,,,,,,,,,,,,,,,,,,,,,,,,,,,,,,,,,,,,,,,,,,,,,,,,,,,,,,,,,,,,,,,
132,132,Instrument,,,,,,,,,,,,,,,,,,,,,,,,,,,,,,,,,,,,,,,,,,,,,,,,,,,,,,,,,,,,,,,,,,,,,,,,,,,,,,,,,,,,,,,,,,,,
133,133,Serial,number,,,,1040181,,,,,,,,,,,,,,,,,,,,,,,,,,,,,,,,,,,,,,,,,,,,,,,,,,,,,,,,,,,,,,,,,,,,,,,,,,,,,,,,,,,,,,,
134,134,Nickname,,,,EnVision,,,,,,,,,,,,,,,,,,,,,,,,,,,,,,,,,,,,,,,,,,,,,,,,,,,,,,,,,,,,,,,,,,,,,,,,,,,,,,,,,,,,,,,,
135,135,,,,,,,,,,,,,,,,,,,,,,,,,,,,,,,,,,,,,,,,,,,,,,,,,,,,,,,,,,,,,,,,,,,,,,,,,,,,,,,,,,,,,,,,,,,,,
136,136,Normalization,,,,,,,,,,,,,,,,,,,,,,,,,,,,,,,,,,,,,,,,,,,,,,,,,,,,,,,,,,,,,,,,,,,,,,,,,,,,,,,,,,,,,,,,,,,,
137,137,,,,,,,,,,,,,,,,,,,,,,,,,,,,,,,,,,,,,,,,,,,,,,,,,,,,,,,,,,,,,,,,,,,,,,,,,,,,,,,,,,,,,,,,,,,,,
138,138,,,,,,,,,,,,,,,,,,,,,,,,,,,,,,,,,,,,,,,,,,,,,,,,,,,,,,,,,,,,,,,,,,,,,,,,,,,,,,,,,,,,,,,,,,,,,
139,139,,,,,,,,,,,,,,,,,,,,,,,,,,,,,,,,,,,,,,,,,,,,,,,,,,,,,,,,,,,,,,,,,,,,,,,,,,,,,,,,,,,,,,,,,,,,,
140,140,Assay,notifications,,,,,,,,,,,,,,,,,,,,,,,,,,,,,,,,,,,,,,,,,,,,,,,,,,,,,,,,,,,,,,,,,,,,,,,,,,,,,,,,,,,,,,,,,,,
141,141,WARNING,,Warning,while,loading,plate.,Stacker,out,of,plates.,Plate,1,Plate,Repeat,1,Well,P01,,,,,,,,,,,,,,,,,,,,,,,,,,,,,,,,,,,,,,,,,,,,,,,,,,,,,,,,,,,,,,,,,,,,,,,,,,,,
142,142,,,,,,,,,,,,,,,,,,,,,,,,,,,,,,,,,,,,,,,,,,,,,,,,,,,,,,,,,,,,,,,,,,,,,,,,,,,,,,,,,,,,,,,,,,,,,
143,143,,,,,,,,,,,,,,,,,,,,,,,,,,,,,,,,,,,,,,,,,,,,,,,,,,,,,,,,,,,,,,,,,,,,,,,,,,,,,,,,,,,,,,,,,,,,,
144,144,,,,,,,,,,,,,,,,,,,,,,,,,,,,,,,,,,,,,,,,,,,,,,,,,,,,,,,,,,,,,,,,,,,,,,,,,,,,,,,,,,,,,,,,,,,,,
145,145,Exported,with,EnVision,Workstation,version,1.14.3049.528,,,,,,,,,,,,,,,,,,,,,,,,,,,,,,,,,,,,,,,,,,,,,,,,,,,,,,,,,,,,,,,,,,,,,,,,,,,,,,,,,,,,,,,
